-13,-16,UFlgSqII4msdmz21403RYMP5Vjs=,rZp5/2iI+jv/kYDthggKDpMZfXU=
-1,-1,UFlgSqII4msdmz21403RYMP5Vjs=,rZp5/2iI+jv/kYDthggKDpMZfXU=
-2,-14,UFlgSqII4msdmz21403RYMP5Vjs=,rZp5/2iI+jv/kYDthggKDpMZfXU=
-3,-14,UFlgSqII4msdmz21403RYMP5Vjs=,rZp5/2iI+jv/kYDthggKDpMZfXU=
-2,-1,UFlgSqII4msdmz21403RYMP5Vjs=,rZp5/2iI+jv/kYDthggKDpMZfXU=
-3,-1,UFlgSqII4msdmz21403RYMP5Vjs=,rZp5/2iI+jv/kYDthggKDpMZfXU=
-1,-14,H18I66ek5c5Yr5A03AdYAwT86gk=,rZp5/2iI+jv/kYDthggKDpMZfXU=
-4,-1,H18I66ek5c5Yr5A03AdYAwT86gk=,rZp5/2iI+jv/kYDthggKDpMZfXU=
-5,-1,H18I66ek5c5Yr5A03AdYAwT86gk=,rZp5/2iI+jv/kYDthggKDpMZfXU=
-7,-1,H18I66ek5c5Yr5A03AdYAwT86gk=,rZp5/2iI+jv/kYDthggKDpMZfXU=
-6,-1,H18I66ek5c5Yr5A03AdYAwT86gk=,rZp5/2iI+jv/kYDthggKDpMZfXU=
-8,-1,H18I66ek5c5Yr5A03AdYAwT86gk=,rZp5/2iI+jv/kYDthggKDpMZfXU=
-9,-1,H18I66ek5c5Yr5A03AdYAwT86gk=,rZp5/2iI+jv/kYDthggKDpMZfXU=
-10,-1,H18I66ek5c5Yr5A03AdYAwT86gk=,rZp5/2iI+jv/kYDthggKDpMZfXU=
-16,-13,H18I66ek5c5Yr5A03AdYAwT86gk=,rZp5/2iI+jv/kYDthggKDpMZfXU=
-11,-1,H18I66ek5c5Yr5A03AdYAwT86gk=,rZp5/2iI+jv/kYDthggKDpMZfXU=
-12,-1,H18I66ek5c5Yr5A03AdYAwT86gk=,rZp5/2iI+jv/kYDthggKDpMZfXU=
-13,-1,H18I66ek5c5Yr5A03AdYAwT86gk=,rZp5/2iI+jv/kYDthggKDpMZfXU=
-1,-15,H18I66ek5c5Yr5A03AdYAwT86gk=,rZp5/2iI+jv/kYDthggKDpMZfXU=
-2,-15,H18I66ek5c5Yr5A03AdYAwT86gk=,rZp5/2iI+jv/kYDthggKDpMZfXU=
-14,-1,H18I66ek5c5Yr5A03AdYAwT86gk=,rZp5/2iI+jv/kYDthggKDpMZfXU=
-15,-13,H18I66ek5c5Yr5A03AdYAwT86gk=,rZp5/2iI+jv/kYDthggKDpMZfXU=
-3,-15,H18I66ek5c5Yr5A03AdYAwT86gk=,rZp5/2iI+jv/kYDthggKDpMZfXU=
-4,-15,H18I66ek5c5Yr5A03AdYAwT86gk=,rZp5/2iI+jv/kYDthggKDpMZfXU=
-15,-1,H18I66ek5c5Yr5A03AdYAwT86gk=,rZp5/2iI+jv/kYDthggKDpMZfXU=
-5,-15,H18I66ek5c5Yr5A03AdYAwT86gk=,rZp5/2iI+jv/kYDthggKDpMZfXU=
-6,-15,H18I66ek5c5Yr5A03AdYAwT86gk=,rZp5/2iI+jv/kYDthggKDpMZfXU=
-14,-13,H18I66ek5c5Yr5A03AdYAwT86gk=,rZp5/2iI+jv/kYDthggKDpMZfXU=
-7,-15,H18I66ek5c5Yr5A03AdYAwT86gk=,rZp5/2iI+jv/kYDthggKDpMZfXU=
-8,-15,H18I66ek5c5Yr5A03AdYAwT86gk=,rZp5/2iI+jv/kYDthggKDpMZfXU=
-16,-14,H18I66ek5c5Yr5A03AdYAwT86gk=,rZp5/2iI+jv/kYDthggKDpMZfXU=
-12,-16,H18I66ek5c5Yr5A03AdYAwT86gk=,rZp5/2iI+jv/kYDthggKDpMZfXU=
-13,-13,H18I66ek5c5Yr5A03AdYAwT86gk=,rZp5/2iI+jv/kYDthggKDpMZfXU=
-15,-15,H18I66ek5c5Yr5A03AdYAwT86gk=,rZp5/2iI+jv/kYDthggKDpMZfXU=
-9,-15,H18I66ek5c5Yr5A03AdYAwT86gk=,rZp5/2iI+jv/kYDthggKDpMZfXU=
-12,-13,H18I66ek5c5Yr5A03AdYAwT86gk=,rZp5/2iI+jv/kYDthggKDpMZfXU=
-11,-13,H18I66ek5c5Yr5A03AdYAwT86gk=,rZp5/2iI+jv/kYDthggKDpMZfXU=
-11,-15,H18I66ek5c5Yr5A03AdYAwT86gk=,rZp5/2iI+jv/kYDthggKDpMZfXU=
-12,-15,H18I66ek5c5Yr5A03AdYAwT86gk=,rZp5/2iI+jv/kYDthggKDpMZfXU=
-10,-13,H18I66ek5c5Yr5A03AdYAwT86gk=,rZp5/2iI+jv/kYDthggKDpMZfXU=
-10,-15,H18I66ek5c5Yr5A03AdYAwT86gk=,rZp5/2iI+jv/kYDthggKDpMZfXU=
-13,-15,H18I66ek5c5Yr5A03AdYAwT86gk=,rZp5/2iI+jv/kYDthggKDpMZfXU=
-9,-13,H18I66ek5c5Yr5A03AdYAwT86gk=,rZp5/2iI+jv/kYDthggKDpMZfXU=
-8,-13,H18I66ek5c5Yr5A03AdYAwT86gk=,rZp5/2iI+jv/kYDthggKDpMZfXU=
-7,-13,H18I66ek5c5Yr5A03AdYAwT86gk=,rZp5/2iI+jv/kYDthggKDpMZfXU=
-14,-15,H18I66ek5c5Yr5A03AdYAwT86gk=,rZp5/2iI+jv/kYDthggKDpMZfXU=
-16,-1,H18I66ek5c5Yr5A03AdYAwT86gk=,rZp5/2iI+jv/kYDthggKDpMZfXU=
-6,-13,H18I66ek5c5Yr5A03AdYAwT86gk=,rZp5/2iI+jv/kYDthggKDpMZfXU=
-1,-2,H18I66ek5c5Yr5A03AdYAwT86gk=,rZp5/2iI+jv/kYDthggKDpMZfXU=
-2,-2,H18I66ek5c5Yr5A03AdYAwT86gk=,rZp5/2iI+jv/kYDthggKDpMZfXU=
-5,-13,H18I66ek5c5Yr5A03AdYAwT86gk=,rZp5/2iI+jv/kYDthggKDpMZfXU=
-14,-16,H18I66ek5c5Yr5A03AdYAwT86gk=,rZp5/2iI+jv/kYDthggKDpMZfXU=
-4,-13,H18I66ek5c5Yr5A03AdYAwT86gk=,rZp5/2iI+jv/kYDthggKDpMZfXU=
-3,-13,H18I66ek5c5Yr5A03AdYAwT86gk=,rZp5/2iI+jv/kYDthggKDpMZfXU=
-4,-14,H18I66ek5c5Yr5A03AdYAwT86gk=,rZp5/2iI+jv/kYDthggKDpMZfXU=
-3,-2,H18I66ek5c5Yr5A03AdYAwT86gk=,rZp5/2iI+jv/kYDthggKDpMZfXU=
-4,-2,H18I66ek5c5Yr5A03AdYAwT86gk=,rZp5/2iI+jv/kYDthggKDpMZfXU=
-5,-2,H18I66ek5c5Yr5A03AdYAwT86gk=,rZp5/2iI+jv/kYDthggKDpMZfXU=
-2,-13,H18I66ek5c5Yr5A03AdYAwT86gk=,rZp5/2iI+jv/kYDthggKDpMZfXU=
-7,-2,H18I66ek5c5Yr5A03AdYAwT86gk=,rZp5/2iI+jv/kYDthggKDpMZfXU=
-6,-2,H18I66ek5c5Yr5A03AdYAwT86gk=,rZp5/2iI+jv/kYDthggKDpMZfXU=
-8,-2,H18I66ek5c5Yr5A03AdYAwT86gk=,rZp5/2iI+jv/kYDthggKDpMZfXU=
-15,-14,H18I66ek5c5Yr5A03AdYAwT86gk=,rZp5/2iI+jv/kYDthggKDpMZfXU=
-9,-2,H18I66ek5c5Yr5A03AdYAwT86gk=,rZp5/2iI+jv/kYDthggKDpMZfXU=
-1,-13,H18I66ek5c5Yr5A03AdYAwT86gk=,rZp5/2iI+jv/kYDthggKDpMZfXU=
-10,-2,H18I66ek5c5Yr5A03AdYAwT86gk=,rZp5/2iI+jv/kYDthggKDpMZfXU=
-11,-2,H18I66ek5c5Yr5A03AdYAwT86gk=,rZp5/2iI+jv/kYDthggKDpMZfXU=
-12,-2,H18I66ek5c5Yr5A03AdYAwT86gk=,rZp5/2iI+jv/kYDthggKDpMZfXU=
-13,-2,H18I66ek5c5Yr5A03AdYAwT86gk=,rZp5/2iI+jv/kYDthggKDpMZfXU=
-14,-2,H18I66ek5c5Yr5A03AdYAwT86gk=,rZp5/2iI+jv/kYDthggKDpMZfXU=
-16,-12,H18I66ek5c5Yr5A03AdYAwT86gk=,rZp5/2iI+jv/kYDthggKDpMZfXU=
-15,-2,H18I66ek5c5Yr5A03AdYAwT86gk=,rZp5/2iI+jv/kYDthggKDpMZfXU=
-1,-3,H18I66ek5c5Yr5A03AdYAwT86gk=,rZp5/2iI+jv/kYDthggKDpMZfXU=
-16,-2,H18I66ek5c5Yr5A03AdYAwT86gk=,rZp5/2iI+jv/kYDthggKDpMZfXU=
-2,-3,H18I66ek5c5Yr5A03AdYAwT86gk=,rZp5/2iI+jv/kYDthggKDpMZfXU=
-15,-12,H18I66ek5c5Yr5A03AdYAwT86gk=,rZp5/2iI+jv/kYDthggKDpMZfXU=
-1,-16,H18I66ek5c5Yr5A03AdYAwT86gk=,rZp5/2iI+jv/kYDthggKDpMZfXU=
-3,-3,H18I66ek5c5Yr5A03AdYAwT86gk=,rZp5/2iI+jv/kYDthggKDpMZfXU=
-16,-15,H18I66ek5c5Yr5A03AdYAwT86gk=,rZp5/2iI+jv/kYDthggKDpMZfXU=
-5,-14,H18I66ek5c5Yr5A03AdYAwT86gk=,rZp5/2iI+jv/kYDthggKDpMZfXU=
-4,-3,H18I66ek5c5Yr5A03AdYAwT86gk=,rZp5/2iI+jv/kYDthggKDpMZfXU=
-14,-12,H18I66ek5c5Yr5A03AdYAwT86gk=,rZp5/2iI+jv/kYDthggKDpMZfXU=
-13,-12,H18I66ek5c5Yr5A03AdYAwT86gk=,rZp5/2iI+jv/kYDthggKDpMZfXU=
-6,-3,H18I66ek5c5Yr5A03AdYAwT86gk=,rZp5/2iI+jv/kYDthggKDpMZfXU=
-5,-3,H18I66ek5c5Yr5A03AdYAwT86gk=,rZp5/2iI+jv/kYDthggKDpMZfXU=
-8,-3,H18I66ek5c5Yr5A03AdYAwT86gk=,rZp5/2iI+jv/kYDthggKDpMZfXU=
-7,-3,H18I66ek5c5Yr5A03AdYAwT86gk=,rZp5/2iI+jv/kYDthggKDpMZfXU=
-9,-3,H18I66ek5c5Yr5A03AdYAwT86gk=,rZp5/2iI+jv/kYDthggKDpMZfXU=
-14,-14,H18I66ek5c5Yr5A03AdYAwT86gk=,rZp5/2iI+jv/kYDthggKDpMZfXU=
-10,-3,H18I66ek5c5Yr5A03AdYAwT86gk=,rZp5/2iI+jv/kYDthggKDpMZfXU=
-11,-16,H18I66ek5c5Yr5A03AdYAwT86gk=,rZp5/2iI+jv/kYDthggKDpMZfXU=
-11,-3,H18I66ek5c5Yr5A03AdYAwT86gk=,rZp5/2iI+jv/kYDthggKDpMZfXU=
-12,-12,H18I66ek5c5Yr5A03AdYAwT86gk=,rZp5/2iI+jv/kYDthggKDpMZfXU=
-13,-3,H18I66ek5c5Yr5A03AdYAwT86gk=,rZp5/2iI+jv/kYDthggKDpMZfXU=
-12,-3,H18I66ek5c5Yr5A03AdYAwT86gk=,rZp5/2iI+jv/kYDthggKDpMZfXU=
-11,-12,H18I66ek5c5Yr5A03AdYAwT86gk=,rZp5/2iI+jv/kYDthggKDpMZfXU=
-14,-3,H18I66ek5c5Yr5A03AdYAwT86gk=,rZp5/2iI+jv/kYDthggKDpMZfXU=
-10,-12,H18I66ek5c5Yr5A03AdYAwT86gk=,rZp5/2iI+jv/kYDthggKDpMZfXU=
-15,-3,H18I66ek5c5Yr5A03AdYAwT86gk=,rZp5/2iI+jv/kYDthggKDpMZfXU=
-9,-12,H18I66ek5c5Yr5A03AdYAwT86gk=,rZp5/2iI+jv/kYDthggKDpMZfXU=
-8,-12,H18I66ek5c5Yr5A03AdYAwT86gk=,rZp5/2iI+jv/kYDthggKDpMZfXU=
-7,-12,H18I66ek5c5Yr5A03AdYAwT86gk=,rZp5/2iI+jv/kYDthggKDpMZfXU=
-15,-16,H18I66ek5c5Yr5A03AdYAwT86gk=,rZp5/2iI+jv/kYDthggKDpMZfXU=
-6,-12,H18I66ek5c5Yr5A03AdYAwT86gk=,rZp5/2iI+jv/kYDthggKDpMZfXU=
-1,-4,H18I66ek5c5Yr5A03AdYAwT86gk=,rZp5/2iI+jv/kYDthggKDpMZfXU=
-16,-3,H18I66ek5c5Yr5A03AdYAwT86gk=,rZp5/2iI+jv/kYDthggKDpMZfXU=
-5,-12,H18I66ek5c5Yr5A03AdYAwT86gk=,rZp5/2iI+jv/kYDthggKDpMZfXU=
-3,-4,H18I66ek5c5Yr5A03AdYAwT86gk=,rZp5/2iI+jv/kYDthggKDpMZfXU=
-2,-4,H18I66ek5c5Yr5A03AdYAwT86gk=,rZp5/2iI+jv/kYDthggKDpMZfXU=
-4,-12,H18I66ek5c5Yr5A03AdYAwT86gk=,rZp5/2iI+jv/kYDthggKDpMZfXU=
-3,-12,H18I66ek5c5Yr5A03AdYAwT86gk=,rZp5/2iI+jv/kYDthggKDpMZfXU=
-2,-16,H18I66ek5c5Yr5A03AdYAwT86gk=,rZp5/2iI+jv/kYDthggKDpMZfXU=
-2,-12,H18I66ek5c5Yr5A03AdYAwT86gk=,rZp5/2iI+jv/kYDthggKDpMZfXU=
-4,-4,H18I66ek5c5Yr5A03AdYAwT86gk=,rZp5/2iI+jv/kYDthggKDpMZfXU=
-6,-14,H18I66ek5c5Yr5A03AdYAwT86gk=,rZp5/2iI+jv/kYDthggKDpMZfXU=
-5,-4,H18I66ek5c5Yr5A03AdYAwT86gk=,rZp5/2iI+jv/kYDthggKDpMZfXU=
-10,-16,H18I66ek5c5Yr5A03AdYAwT86gk=,rZp5/2iI+jv/kYDthggKDpMZfXU=
-6,-4,H18I66ek5c5Yr5A03AdYAwT86gk=,rZp5/2iI+jv/kYDthggKDpMZfXU=
-7,-4,H18I66ek5c5Yr5A03AdYAwT86gk=,rZp5/2iI+jv/kYDthggKDpMZfXU=
-1,-12,H18I66ek5c5Yr5A03AdYAwT86gk=,rZp5/2iI+jv/kYDthggKDpMZfXU=
-8,-4,H18I66ek5c5Yr5A03AdYAwT86gk=,rZp5/2iI+jv/kYDthggKDpMZfXU=
-9,-4,H18I66ek5c5Yr5A03AdYAwT86gk=,rZp5/2iI+jv/kYDthggKDpMZfXU=
-10,-4,H18I66ek5c5Yr5A03AdYAwT86gk=,rZp5/2iI+jv/kYDthggKDpMZfXU=
-11,-4,H18I66ek5c5Yr5A03AdYAwT86gk=,rZp5/2iI+jv/kYDthggKDpMZfXU=
-12,-4,H18I66ek5c5Yr5A03AdYAwT86gk=,rZp5/2iI+jv/kYDthggKDpMZfXU=
-16,-11,H18I66ek5c5Yr5A03AdYAwT86gk=,rZp5/2iI+jv/kYDthggKDpMZfXU=
-13,-4,H18I66ek5c5Yr5A03AdYAwT86gk=,rZp5/2iI+jv/kYDthggKDpMZfXU=
-14,-4,H18I66ek5c5Yr5A03AdYAwT86gk=,rZp5/2iI+jv/kYDthggKDpMZfXU=
-15,-4,H18I66ek5c5Yr5A03AdYAwT86gk=,rZp5/2iI+jv/kYDthggKDpMZfXU=
-1,-5,H18I66ek5c5Yr5A03AdYAwT86gk=,rZp5/2iI+jv/kYDthggKDpMZfXU=
-15,-11,H18I66ek5c5Yr5A03AdYAwT86gk=,rZp5/2iI+jv/kYDthggKDpMZfXU=
-16,-4,H18I66ek5c5Yr5A03AdYAwT86gk=,rZp5/2iI+jv/kYDthggKDpMZfXU=
-2,-5,H18I66ek5c5Yr5A03AdYAwT86gk=,rZp5/2iI+jv/kYDthggKDpMZfXU=
-3,-5,H18I66ek5c5Yr5A03AdYAwT86gk=,rZp5/2iI+jv/kYDthggKDpMZfXU=
-16,-16,H18I66ek5c5Yr5A03AdYAwT86gk=,rZp5/2iI+jv/kYDthggKDpMZfXU=
-5,-5,H18I66ek5c5Yr5A03AdYAwT86gk=,rZp5/2iI+jv/kYDthggKDpMZfXU=
-4,-5,H18I66ek5c5Yr5A03AdYAwT86gk=,rZp5/2iI+jv/kYDthggKDpMZfXU=
-3,-16,H18I66ek5c5Yr5A03AdYAwT86gk=,rZp5/2iI+jv/kYDthggKDpMZfXU=
-6,-5,H18I66ek5c5Yr5A03AdYAwT86gk=,rZp5/2iI+jv/kYDthggKDpMZfXU=
-14,-11,H18I66ek5c5Yr5A03AdYAwT86gk=,rZp5/2iI+jv/kYDthggKDpMZfXU=
-7,-14,H18I66ek5c5Yr5A03AdYAwT86gk=,rZp5/2iI+jv/kYDthggKDpMZfXU=
-7,-5,H18I66ek5c5Yr5A03AdYAwT86gk=,rZp5/2iI+jv/kYDthggKDpMZfXU=
-13,-11,H18I66ek5c5Yr5A03AdYAwT86gk=,rZp5/2iI+jv/kYDthggKDpMZfXU=
-9,-5,H18I66ek5c5Yr5A03AdYAwT86gk=,rZp5/2iI+jv/kYDthggKDpMZfXU=
-8,-5,H18I66ek5c5Yr5A03AdYAwT86gk=,rZp5/2iI+jv/kYDthggKDpMZfXU=
-10,-5,H18I66ek5c5Yr5A03AdYAwT86gk=,rZp5/2iI+jv/kYDthggKDpMZfXU=
-12,-11,H18I66ek5c5Yr5A03AdYAwT86gk=,rZp5/2iI+jv/kYDthggKDpMZfXU=
-11,-5,H18I66ek5c5Yr5A03AdYAwT86gk=,rZp5/2iI+jv/kYDthggKDpMZfXU=
-12,-5,H18I66ek5c5Yr5A03AdYAwT86gk=,rZp5/2iI+jv/kYDthggKDpMZfXU=
-13,-14,H18I66ek5c5Yr5A03AdYAwT86gk=,rZp5/2iI+jv/kYDthggKDpMZfXU=
-13,-5,H18I66ek5c5Yr5A03AdYAwT86gk=,rZp5/2iI+jv/kYDthggKDpMZfXU=
-14,-5,H18I66ek5c5Yr5A03AdYAwT86gk=,rZp5/2iI+jv/kYDthggKDpMZfXU=
-9,-16,H18I66ek5c5Yr5A03AdYAwT86gk=,rZp5/2iI+jv/kYDthggKDpMZfXU=
-16,-5,H18I66ek5c5Yr5A03AdYAwT86gk=,rZp5/2iI+jv/kYDthggKDpMZfXU=
-15,-5,H18I66ek5c5Yr5A03AdYAwT86gk=,rZp5/2iI+jv/kYDthggKDpMZfXU=
-11,-11,H18I66ek5c5Yr5A03AdYAwT86gk=,rZp5/2iI+jv/kYDthggKDpMZfXU=
-1,-6,H18I66ek5c5Yr5A03AdYAwT86gk=,rZp5/2iI+jv/kYDthggKDpMZfXU=
-10,-11,H18I66ek5c5Yr5A03AdYAwT86gk=,rZp5/2iI+jv/kYDthggKDpMZfXU=
-2,-6,H18I66ek5c5Yr5A03AdYAwT86gk=,rZp5/2iI+jv/kYDthggKDpMZfXU=
-3,-6,H18I66ek5c5Yr5A03AdYAwT86gk=,rZp5/2iI+jv/kYDthggKDpMZfXU=
-9,-11,H18I66ek5c5Yr5A03AdYAwT86gk=,rZp5/2iI+jv/kYDthggKDpMZfXU=
-4,-6,H18I66ek5c5Yr5A03AdYAwT86gk=,rZp5/2iI+jv/kYDthggKDpMZfXU=
-5,-6,H18I66ek5c5Yr5A03AdYAwT86gk=,rZp5/2iI+jv/kYDthggKDpMZfXU=
-8,-11,H18I66ek5c5Yr5A03AdYAwT86gk=,rZp5/2iI+jv/kYDthggKDpMZfXU=
-6,-6,H18I66ek5c5Yr5A03AdYAwT86gk=,rZp5/2iI+jv/kYDthggKDpMZfXU=
-4,-16,H18I66ek5c5Yr5A03AdYAwT86gk=,rZp5/2iI+jv/kYDthggKDpMZfXU=
-7,-11,H18I66ek5c5Yr5A03AdYAwT86gk=,rZp5/2iI+jv/kYDthggKDpMZfXU=
-7,-6,H18I66ek5c5Yr5A03AdYAwT86gk=,rZp5/2iI+jv/kYDthggKDpMZfXU=
-8,-14,H18I66ek5c5Yr5A03AdYAwT86gk=,rZp5/2iI+jv/kYDthggKDpMZfXU=
-6,-11,H18I66ek5c5Yr5A03AdYAwT86gk=,rZp5/2iI+jv/kYDthggKDpMZfXU=
-9,-6,H18I66ek5c5Yr5A03AdYAwT86gk=,rZp5/2iI+jv/kYDthggKDpMZfXU=
-8,-6,H18I66ek5c5Yr5A03AdYAwT86gk=,rZp5/2iI+jv/kYDthggKDpMZfXU=
-10,-6,H18I66ek5c5Yr5A03AdYAwT86gk=,rZp5/2iI+jv/kYDthggKDpMZfXU=
-11,-6,H18I66ek5c5Yr5A03AdYAwT86gk=,rZp5/2iI+jv/kYDthggKDpMZfXU=
-5,-11,H18I66ek5c5Yr5A03AdYAwT86gk=,rZp5/2iI+jv/kYDthggKDpMZfXU=
-12,-6,H18I66ek5c5Yr5A03AdYAwT86gk=,rZp5/2iI+jv/kYDthggKDpMZfXU=
-13,-6,H18I66ek5c5Yr5A03AdYAwT86gk=,rZp5/2iI+jv/kYDthggKDpMZfXU=
-4,-11,H18I66ek5c5Yr5A03AdYAwT86gk=,rZp5/2iI+jv/kYDthggKDpMZfXU=
-14,-6,H18I66ek5c5Yr5A03AdYAwT86gk=,rZp5/2iI+jv/kYDthggKDpMZfXU=
-3,-11,H18I66ek5c5Yr5A03AdYAwT86gk=,rZp5/2iI+jv/kYDthggKDpMZfXU=
-15,-6,H18I66ek5c5Yr5A03AdYAwT86gk=,rZp5/2iI+jv/kYDthggKDpMZfXU=
-2,-11,H18I66ek5c5Yr5A03AdYAwT86gk=,rZp5/2iI+jv/kYDthggKDpMZfXU=
-16,-6,H18I66ek5c5Yr5A03AdYAwT86gk=,rZp5/2iI+jv/kYDthggKDpMZfXU=
-1,-11,H18I66ek5c5Yr5A03AdYAwT86gk=,rZp5/2iI+jv/kYDthggKDpMZfXU=
-1,-7,H18I66ek5c5Yr5A03AdYAwT86gk=,rZp5/2iI+jv/kYDthggKDpMZfXU=
-3,-7,H18I66ek5c5Yr5A03AdYAwT86gk=,rZp5/2iI+jv/kYDthggKDpMZfXU=
-2,-7,H18I66ek5c5Yr5A03AdYAwT86gk=,rZp5/2iI+jv/kYDthggKDpMZfXU=
-4,-7,H18I66ek5c5Yr5A03AdYAwT86gk=,rZp5/2iI+jv/kYDthggKDpMZfXU=
-16,-10,H18I66ek5c5Yr5A03AdYAwT86gk=,rZp5/2iI+jv/kYDthggKDpMZfXU=
-5,-7,H18I66ek5c5Yr5A03AdYAwT86gk=,rZp5/2iI+jv/kYDthggKDpMZfXU=
-7,-7,H18I66ek5c5Yr5A03AdYAwT86gk=,rZp5/2iI+jv/kYDthggKDpMZfXU=
-6,-7,H18I66ek5c5Yr5A03AdYAwT86gk=,rZp5/2iI+jv/kYDthggKDpMZfXU=
-15,-10,H18I66ek5c5Yr5A03AdYAwT86gk=,rZp5/2iI+jv/kYDthggKDpMZfXU=
-9,-14,H18I66ek5c5Yr5A03AdYAwT86gk=,rZp5/2iI+jv/kYDthggKDpMZfXU=
-5,-16,H18I66ek5c5Yr5A03AdYAwT86gk=,rZp5/2iI+jv/kYDthggKDpMZfXU=
-14,-10,H18I66ek5c5Yr5A03AdYAwT86gk=,rZp5/2iI+jv/kYDthggKDpMZfXU=
-8,-7,H18I66ek5c5Yr5A03AdYAwT86gk=,rZp5/2iI+jv/kYDthggKDpMZfXU=
-9,-7,H18I66ek5c5Yr5A03AdYAwT86gk=,rZp5/2iI+jv/kYDthggKDpMZfXU=
-13,-10,H18I66ek5c5Yr5A03AdYAwT86gk=,rZp5/2iI+jv/kYDthggKDpMZfXU=
-11,-7,H18I66ek5c5Yr5A03AdYAwT86gk=,rZp5/2iI+jv/kYDthggKDpMZfXU=
-10,-7,H18I66ek5c5Yr5A03AdYAwT86gk=,rZp5/2iI+jv/kYDthggKDpMZfXU=
-13,-7,H18I66ek5c5Yr5A03AdYAwT86gk=,rZp5/2iI+jv/kYDthggKDpMZfXU=
-12,-7,H18I66ek5c5Yr5A03AdYAwT86gk=,rZp5/2iI+jv/kYDthggKDpMZfXU=
-12,-10,H18I66ek5c5Yr5A03AdYAwT86gk=,rZp5/2iI+jv/kYDthggKDpMZfXU=
-14,-7,H18I66ek5c5Yr5A03AdYAwT86gk=,rZp5/2iI+jv/kYDthggKDpMZfXU=
-11,-10,H18I66ek5c5Yr5A03AdYAwT86gk=,rZp5/2iI+jv/kYDthggKDpMZfXU=
-15,-7,H18I66ek5c5Yr5A03AdYAwT86gk=,rZp5/2iI+jv/kYDthggKDpMZfXU=
-12,-14,H18I66ek5c5Yr5A03AdYAwT86gk=,rZp5/2iI+jv/kYDthggKDpMZfXU=
-8,-16,H18I66ek5c5Yr5A03AdYAwT86gk=,rZp5/2iI+jv/kYDthggKDpMZfXU=
-16,-7,H18I66ek5c5Yr5A03AdYAwT86gk=,rZp5/2iI+jv/kYDthggKDpMZfXU=
-1,-8,H18I66ek5c5Yr5A03AdYAwT86gk=,rZp5/2iI+jv/kYDthggKDpMZfXU=
-3,-8,H18I66ek5c5Yr5A03AdYAwT86gk=,rZp5/2iI+jv/kYDthggKDpMZfXU=
-10,-10,H18I66ek5c5Yr5A03AdYAwT86gk=,rZp5/2iI+jv/kYDthggKDpMZfXU=
-2,-8,H18I66ek5c5Yr5A03AdYAwT86gk=,rZp5/2iI+jv/kYDthggKDpMZfXU=
-4,-8,H18I66ek5c5Yr5A03AdYAwT86gk=,rZp5/2iI+jv/kYDthggKDpMZfXU=
-9,-10,H18I66ek5c5Yr5A03AdYAwT86gk=,rZp5/2iI+jv/kYDthggKDpMZfXU=
-5,-8,H18I66ek5c5Yr5A03AdYAwT86gk=,rZp5/2iI+jv/kYDthggKDpMZfXU=
-7,-8,H18I66ek5c5Yr5A03AdYAwT86gk=,rZp5/2iI+jv/kYDthggKDpMZfXU=
-6,-8,H18I66ek5c5Yr5A03AdYAwT86gk=,rZp5/2iI+jv/kYDthggKDpMZfXU=
-8,-10,H18I66ek5c5Yr5A03AdYAwT86gk=,rZp5/2iI+jv/kYDthggKDpMZfXU=
-8,-8,H18I66ek5c5Yr5A03AdYAwT86gk=,rZp5/2iI+jv/kYDthggKDpMZfXU=
-6,-16,H18I66ek5c5Yr5A03AdYAwT86gk=,rZp5/2iI+jv/kYDthggKDpMZfXU=
-7,-10,H18I66ek5c5Yr5A03AdYAwT86gk=,rZp5/2iI+jv/kYDthggKDpMZfXU=
-10,-14,H18I66ek5c5Yr5A03AdYAwT86gk=,rZp5/2iI+jv/kYDthggKDpMZfXU=
-9,-8,H18I66ek5c5Yr5A03AdYAwT86gk=,rZp5/2iI+jv/kYDthggKDpMZfXU=
-6,-10,H18I66ek5c5Yr5A03AdYAwT86gk=,rZp5/2iI+jv/kYDthggKDpMZfXU=
-10,-8,H18I66ek5c5Yr5A03AdYAwT86gk=,rZp5/2iI+jv/kYDthggKDpMZfXU=
-5,-10,H18I66ek5c5Yr5A03AdYAwT86gk=,rZp5/2iI+jv/kYDthggKDpMZfXU=
-11,-8,H18I66ek5c5Yr5A03AdYAwT86gk=,rZp5/2iI+jv/kYDthggKDpMZfXU=
-13,-8,H18I66ek5c5Yr5A03AdYAwT86gk=,rZp5/2iI+jv/kYDthggKDpMZfXU=
-12,-8,H18I66ek5c5Yr5A03AdYAwT86gk=,rZp5/2iI+jv/kYDthggKDpMZfXU=
-4,-10,H18I66ek5c5Yr5A03AdYAwT86gk=,rZp5/2iI+jv/kYDthggKDpMZfXU=
-14,-8,H18I66ek5c5Yr5A03AdYAwT86gk=,rZp5/2iI+jv/kYDthggKDpMZfXU=
-3,-10,H18I66ek5c5Yr5A03AdYAwT86gk=,rZp5/2iI+jv/kYDthggKDpMZfXU=
-15,-8,H18I66ek5c5Yr5A03AdYAwT86gk=,rZp5/2iI+jv/kYDthggKDpMZfXU=
-1,-9,H18I66ek5c5Yr5A03AdYAwT86gk=,rZp5/2iI+jv/kYDthggKDpMZfXU=
-16,-8,H18I66ek5c5Yr5A03AdYAwT86gk=,rZp5/2iI+jv/kYDthggKDpMZfXU=
-3,-9,H18I66ek5c5Yr5A03AdYAwT86gk=,rZp5/2iI+jv/kYDthggKDpMZfXU=
-2,-9,H18I66ek5c5Yr5A03AdYAwT86gk=,rZp5/2iI+jv/kYDthggKDpMZfXU=
-4,-9,H18I66ek5c5Yr5A03AdYAwT86gk=,rZp5/2iI+jv/kYDthggKDpMZfXU=
-5,-9,H18I66ek5c5Yr5A03AdYAwT86gk=,rZp5/2iI+jv/kYDthggKDpMZfXU=
-7,-9,H18I66ek5c5Yr5A03AdYAwT86gk=,rZp5/2iI+jv/kYDthggKDpMZfXU=
-6,-9,H18I66ek5c5Yr5A03AdYAwT86gk=,rZp5/2iI+jv/kYDthggKDpMZfXU=
-8,-9,H18I66ek5c5Yr5A03AdYAwT86gk=,rZp5/2iI+jv/kYDthggKDpMZfXU=
-9,-9,H18I66ek5c5Yr5A03AdYAwT86gk=,rZp5/2iI+jv/kYDthggKDpMZfXU=
-7,-16,H18I66ek5c5Yr5A03AdYAwT86gk=,rZp5/2iI+jv/kYDthggKDpMZfXU=
-2,-10,H18I66ek5c5Yr5A03AdYAwT86gk=,rZp5/2iI+jv/kYDthggKDpMZfXU=
-10,-9,H18I66ek5c5Yr5A03AdYAwT86gk=,rZp5/2iI+jv/kYDthggKDpMZfXU=
-1,-10,H18I66ek5c5Yr5A03AdYAwT86gk=,rZp5/2iI+jv/kYDthggKDpMZfXU=
-11,-14,H18I66ek5c5Yr5A03AdYAwT86gk=,rZp5/2iI+jv/kYDthggKDpMZfXU=
-11,-9,H18I66ek5c5Yr5A03AdYAwT86gk=,rZp5/2iI+jv/kYDthggKDpMZfXU=
-12,-9,H18I66ek5c5Yr5A03AdYAwT86gk=,rZp5/2iI+jv/kYDthggKDpMZfXU=
-13,-9,H18I66ek5c5Yr5A03AdYAwT86gk=,rZp5/2iI+jv/kYDthggKDpMZfXU=
-16,-9,H18I66ek5c5Yr5A03AdYAwT86gk=,rZp5/2iI+jv/kYDthggKDpMZfXU=
-14,-9,H18I66ek5c5Yr5A03AdYAwT86gk=,rZp5/2iI+jv/kYDthggKDpMZfXU=
-15,-9,H18I66ek5c5Yr5A03AdYAwT86gk=,rZp5/2iI+jv/kYDthggKDpMZfXU=
-13,-32,Ixb6B4lVYcpOUX2igijUjg0ngkI=,RyK2QwAGijWcv2cGTtEieqYNDEs=
-1,-17,Ixb6B4lVYcpOUX2igijUjg0ngkI=,RyK2QwAGijWcv2cGTtEieqYNDEs=
-4,-29,Ixb6B4lVYcpOUX2igijUjg0ngkI=,RyK2QwAGijWcv2cGTtEieqYNDEs=
-3,-30,Ixb6B4lVYcpOUX2igijUjg0ngkI=,RyK2QwAGijWcv2cGTtEieqYNDEs=
-2,-30,Ixb6B4lVYcpOUX2igijUjg0ngkI=,RyK2QwAGijWcv2cGTtEieqYNDEs=
-1,-31,Ixb6B4lVYcpOUX2igijUjg0ngkI=,RyK2QwAGijWcv2cGTtEieqYNDEs=
-12,-32,Ixb6B4lVYcpOUX2igijUjg0ngkI=,RyK2QwAGijWcv2cGTtEieqYNDEs=
-4,-30,Ixb6B4lVYcpOUX2igijUjg0ngkI=,RyK2QwAGijWcv2cGTtEieqYNDEs=
-3,-29,Ixb6B4lVYcpOUX2igijUjg0ngkI=,RyK2QwAGijWcv2cGTtEieqYNDEs=
-2,-29,Ixb6B4lVYcpOUX2igijUjg0ngkI=,RyK2QwAGijWcv2cGTtEieqYNDEs=
-1,-29,Ixb6B4lVYcpOUX2igijUjg0ngkI=,RyK2QwAGijWcv2cGTtEieqYNDEs=
-7,-30,Ixb6B4lVYcpOUX2igijUjg0ngkI=,RyK2QwAGijWcv2cGTtEieqYNDEs=
-8,-30,Ixb6B4lVYcpOUX2igijUjg0ngkI=,RyK2QwAGijWcv2cGTtEieqYNDEs=
-5,-30,Ixb6B4lVYcpOUX2igijUjg0ngkI=,RyK2QwAGijWcv2cGTtEieqYNDEs=
-9,-30,Ixb6B4lVYcpOUX2igijUjg0ngkI=,RyK2QwAGijWcv2cGTtEieqYNDEs=
-16,-28,Ixb6B4lVYcpOUX2igijUjg0ngkI=,RyK2QwAGijWcv2cGTtEieqYNDEs=
-10,-30,Ixb6B4lVYcpOUX2igijUjg0ngkI=,RyK2QwAGijWcv2cGTtEieqYNDEs=
-11,-30,Ixb6B4lVYcpOUX2igijUjg0ngkI=,RyK2QwAGijWcv2cGTtEieqYNDEs=
-12,-30,Ixb6B4lVYcpOUX2igijUjg0ngkI=,RyK2QwAGijWcv2cGTtEieqYNDEs=
-13,-30,Ixb6B4lVYcpOUX2igijUjg0ngkI=,RyK2QwAGijWcv2cGTtEieqYNDEs=
-11,-32,Ixb6B4lVYcpOUX2igijUjg0ngkI=,RyK2QwAGijWcv2cGTtEieqYNDEs=
-14,-31,Ixb6B4lVYcpOUX2igijUjg0ngkI=,RyK2QwAGijWcv2cGTtEieqYNDEs=
-14,-30,Ixb6B4lVYcpOUX2igijUjg0ngkI=,RyK2QwAGijWcv2cGTtEieqYNDEs=
-15,-30,Ixb6B4lVYcpOUX2igijUjg0ngkI=,RyK2QwAGijWcv2cGTtEieqYNDEs=
-15,-28,Ixb6B4lVYcpOUX2igijUjg0ngkI=,RyK2QwAGijWcv2cGTtEieqYNDEs=
-16,-30,Ixb6B4lVYcpOUX2igijUjg0ngkI=,RyK2QwAGijWcv2cGTtEieqYNDEs=
-2,-17,Ixb6B4lVYcpOUX2igijUjg0ngkI=,RyK2QwAGijWcv2cGTtEieqYNDEs=
-3,-17,Ixb6B4lVYcpOUX2igijUjg0ngkI=,RyK2QwAGijWcv2cGTtEieqYNDEs=
-14,-28,Ixb6B4lVYcpOUX2igijUjg0ngkI=,RyK2QwAGijWcv2cGTtEieqYNDEs=
-5,-29,Ixb6B4lVYcpOUX2igijUjg0ngkI=,RyK2QwAGijWcv2cGTtEieqYNDEs=
-4,-17,Ixb6B4lVYcpOUX2igijUjg0ngkI=,RyK2QwAGijWcv2cGTtEieqYNDEs=
-13,-28,Ixb6B4lVYcpOUX2igijUjg0ngkI=,RyK2QwAGijWcv2cGTtEieqYNDEs=
-12,-28,Ixb6B4lVYcpOUX2igijUjg0ngkI=,RyK2QwAGijWcv2cGTtEieqYNDEs=
-6,-17,Ixb6B4lVYcpOUX2igijUjg0ngkI=,RyK2QwAGijWcv2cGTtEieqYNDEs=
-7,-17,Ixb6B4lVYcpOUX2igijUjg0ngkI=,RyK2QwAGijWcv2cGTtEieqYNDEs=
-11,-28,Ixb6B4lVYcpOUX2igijUjg0ngkI=,RyK2QwAGijWcv2cGTtEieqYNDEs=
-5,-17,Ixb6B4lVYcpOUX2igijUjg0ngkI=,RyK2QwAGijWcv2cGTtEieqYNDEs=
-10,-28,Ixb6B4lVYcpOUX2igijUjg0ngkI=,RyK2QwAGijWcv2cGTtEieqYNDEs=
-8,-17,Ixb6B4lVYcpOUX2igijUjg0ngkI=,RyK2QwAGijWcv2cGTtEieqYNDEs=
-9,-17,Ixb6B4lVYcpOUX2igijUjg0ngkI=,RyK2QwAGijWcv2cGTtEieqYNDEs=
-12,-17,Ixb6B4lVYcpOUX2igijUjg0ngkI=,RyK2QwAGijWcv2cGTtEieqYNDEs=
-10,-17,Ixb6B4lVYcpOUX2igijUjg0ngkI=,RyK2QwAGijWcv2cGTtEieqYNDEs=
-11,-17,Ixb6B4lVYcpOUX2igijUjg0ngkI=,RyK2QwAGijWcv2cGTtEieqYNDEs=
-9,-28,Ixb6B4lVYcpOUX2igijUjg0ngkI=,RyK2QwAGijWcv2cGTtEieqYNDEs=
-13,-17,Ixb6B4lVYcpOUX2igijUjg0ngkI=,RyK2QwAGijWcv2cGTtEieqYNDEs=
-8,-28,Ixb6B4lVYcpOUX2igijUjg0ngkI=,RyK2QwAGijWcv2cGTtEieqYNDEs=
-14,-32,Ixb6B4lVYcpOUX2igijUjg0ngkI=,RyK2QwAGijWcv2cGTtEieqYNDEs=
-14,-17,Ixb6B4lVYcpOUX2igijUjg0ngkI=,RyK2QwAGijWcv2cGTtEieqYNDEs=
-7,-28,Ixb6B4lVYcpOUX2igijUjg0ngkI=,RyK2QwAGijWcv2cGTtEieqYNDEs=
-15,-17,Ixb6B4lVYcpOUX2igijUjg0ngkI=,RyK2QwAGijWcv2cGTtEieqYNDEs=
-6,-29,Ixb6B4lVYcpOUX2igijUjg0ngkI=,RyK2QwAGijWcv2cGTtEieqYNDEs=
-2,-31,Ixb6B4lVYcpOUX2igijUjg0ngkI=,RyK2QwAGijWcv2cGTtEieqYNDEs=
-1,-18,Ixb6B4lVYcpOUX2igijUjg0ngkI=,RyK2QwAGijWcv2cGTtEieqYNDEs=
-6,-28,Ixb6B4lVYcpOUX2igijUjg0ngkI=,RyK2QwAGijWcv2cGTtEieqYNDEs=
-16,-17,Ixb6B4lVYcpOUX2igijUjg0ngkI=,RyK2QwAGijWcv2cGTtEieqYNDEs=
-2,-18,Ixb6B4lVYcpOUX2igijUjg0ngkI=,RyK2QwAGijWcv2cGTtEieqYNDEs=
-1,-30,Ixb6B4lVYcpOUX2igijUjg0ngkI=,RyK2QwAGijWcv2cGTtEieqYNDEs=
-3,-18,Ixb6B4lVYcpOUX2igijUjg0ngkI=,RyK2QwAGijWcv2cGTtEieqYNDEs=
-4,-18,Ixb6B4lVYcpOUX2igijUjg0ngkI=,RyK2QwAGijWcv2cGTtEieqYNDEs=
-5,-28,Ixb6B4lVYcpOUX2igijUjg0ngkI=,RyK2QwAGijWcv2cGTtEieqYNDEs=
-5,-18,Ixb6B4lVYcpOUX2igijUjg0ngkI=,RyK2QwAGijWcv2cGTtEieqYNDEs=
-10,-32,Ixb6B4lVYcpOUX2igijUjg0ngkI=,RyK2QwAGijWcv2cGTtEieqYNDEs=
-6,-18,Ixb6B4lVYcpOUX2igijUjg0ngkI=,RyK2QwAGijWcv2cGTtEieqYNDEs=
-7,-18,Ixb6B4lVYcpOUX2igijUjg0ngkI=,RyK2QwAGijWcv2cGTtEieqYNDEs=
-4,-28,Ixb6B4lVYcpOUX2igijUjg0ngkI=,RyK2QwAGijWcv2cGTtEieqYNDEs=
-9,-18,Ixb6B4lVYcpOUX2igijUjg0ngkI=,RyK2QwAGijWcv2cGTtEieqYNDEs=
-3,-28,Ixb6B4lVYcpOUX2igijUjg0ngkI=,RyK2QwAGijWcv2cGTtEieqYNDEs=
-8,-18,Ixb6B4lVYcpOUX2igijUjg0ngkI=,RyK2QwAGijWcv2cGTtEieqYNDEs=
-10,-18,Ixb6B4lVYcpOUX2igijUjg0ngkI=,RyK2QwAGijWcv2cGTtEieqYNDEs=
-12,-18,Ixb6B4lVYcpOUX2igijUjg0ngkI=,RyK2QwAGijWcv2cGTtEieqYNDEs=
-11,-18,Ixb6B4lVYcpOUX2igijUjg0ngkI=,RyK2QwAGijWcv2cGTtEieqYNDEs=
-2,-28,Ixb6B4lVYcpOUX2igijUjg0ngkI=,RyK2QwAGijWcv2cGTtEieqYNDEs=
-13,-18,Ixb6B4lVYcpOUX2igijUjg0ngkI=,RyK2QwAGijWcv2cGTtEieqYNDEs=
-1,-28,Ixb6B4lVYcpOUX2igijUjg0ngkI=,RyK2QwAGijWcv2cGTtEieqYNDEs=
-14,-18,Ixb6B4lVYcpOUX2igijUjg0ngkI=,RyK2QwAGijWcv2cGTtEieqYNDEs=
-15,-31,Ixb6B4lVYcpOUX2igijUjg0ngkI=,RyK2QwAGijWcv2cGTtEieqYNDEs=
-16,-27,Ixb6B4lVYcpOUX2igijUjg0ngkI=,RyK2QwAGijWcv2cGTtEieqYNDEs=
-7,-29,Ixb6B4lVYcpOUX2igijUjg0ngkI=,RyK2QwAGijWcv2cGTtEieqYNDEs=
-13,-31,Ixb6B4lVYcpOUX2igijUjg0ngkI=,RyK2QwAGijWcv2cGTtEieqYNDEs=
-16,-31,Ixb6B4lVYcpOUX2igijUjg0ngkI=,RyK2QwAGijWcv2cGTtEieqYNDEs=
-15,-18,Ixb6B4lVYcpOUX2igijUjg0ngkI=,RyK2QwAGijWcv2cGTtEieqYNDEs=
-15,-27,Ixb6B4lVYcpOUX2igijUjg0ngkI=,RyK2QwAGijWcv2cGTtEieqYNDEs=
-15,-32,Ixb6B4lVYcpOUX2igijUjg0ngkI=,RyK2QwAGijWcv2cGTtEieqYNDEs=
-16,-18,Ixb6B4lVYcpOUX2igijUjg0ngkI=,RyK2QwAGijWcv2cGTtEieqYNDEs=
-14,-27,Ixb6B4lVYcpOUX2igijUjg0ngkI=,RyK2QwAGijWcv2cGTtEieqYNDEs=
-13,-27,Ixb6B4lVYcpOUX2igijUjg0ngkI=,RyK2QwAGijWcv2cGTtEieqYNDEs=
-1,-19,Ixb6B4lVYcpOUX2igijUjg0ngkI=,RyK2QwAGijWcv2cGTtEieqYNDEs=
-12,-27,Ixb6B4lVYcpOUX2igijUjg0ngkI=,RyK2QwAGijWcv2cGTtEieqYNDEs=
-2,-19,Ixb6B4lVYcpOUX2igijUjg0ngkI=,RyK2QwAGijWcv2cGTtEieqYNDEs=
-11,-27,Ixb6B4lVYcpOUX2igijUjg0ngkI=,RyK2QwAGijWcv2cGTtEieqYNDEs=
-3,-19,Ixb6B4lVYcpOUX2igijUjg0ngkI=,RyK2QwAGijWcv2cGTtEieqYNDEs=
-10,-27,Ixb6B4lVYcpOUX2igijUjg0ngkI=,RyK2QwAGijWcv2cGTtEieqYNDEs=
-9,-27,Ixb6B4lVYcpOUX2igijUjg0ngkI=,RyK2QwAGijWcv2cGTtEieqYNDEs=
-4,-19,Ixb6B4lVYcpOUX2igijUjg0ngkI=,RyK2QwAGijWcv2cGTtEieqYNDEs=
-8,-27,Ixb6B4lVYcpOUX2igijUjg0ngkI=,RyK2QwAGijWcv2cGTtEieqYNDEs=
-5,-19,Ixb6B4lVYcpOUX2igijUjg0ngkI=,RyK2QwAGijWcv2cGTtEieqYNDEs=
-7,-27,Ixb6B4lVYcpOUX2igijUjg0ngkI=,RyK2QwAGijWcv2cGTtEieqYNDEs=
-6,-19,Ixb6B4lVYcpOUX2igijUjg0ngkI=,RyK2QwAGijWcv2cGTtEieqYNDEs=
-6,-27,Ixb6B4lVYcpOUX2igijUjg0ngkI=,RyK2QwAGijWcv2cGTtEieqYNDEs=
-16,-29,Ixb6B4lVYcpOUX2igijUjg0ngkI=,RyK2QwAGijWcv2cGTtEieqYNDEs=
-12,-31,Ixb6B4lVYcpOUX2igijUjg0ngkI=,RyK2QwAGijWcv2cGTtEieqYNDEs=
-7,-19,Ixb6B4lVYcpOUX2igijUjg0ngkI=,RyK2QwAGijWcv2cGTtEieqYNDEs=
-8,-19,Ixb6B4lVYcpOUX2igijUjg0ngkI=,RyK2QwAGijWcv2cGTtEieqYNDEs=
-9,-32,Ixb6B4lVYcpOUX2igijUjg0ngkI=,RyK2QwAGijWcv2cGTtEieqYNDEs=
-10,-19,Ixb6B4lVYcpOUX2igijUjg0ngkI=,RyK2QwAGijWcv2cGTtEieqYNDEs=
-9,-19,Ixb6B4lVYcpOUX2igijUjg0ngkI=,RyK2QwAGijWcv2cGTtEieqYNDEs=
-11,-19,Ixb6B4lVYcpOUX2igijUjg0ngkI=,RyK2QwAGijWcv2cGTtEieqYNDEs=
-5,-27,Ixb6B4lVYcpOUX2igijUjg0ngkI=,RyK2QwAGijWcv2cGTtEieqYNDEs=
-16,-32,Ixb6B4lVYcpOUX2igijUjg0ngkI=,RyK2QwAGijWcv2cGTtEieqYNDEs=
-13,-19,Ixb6B4lVYcpOUX2igijUjg0ngkI=,RyK2QwAGijWcv2cGTtEieqYNDEs=
-12,-19,Ixb6B4lVYcpOUX2igijUjg0ngkI=,RyK2QwAGijWcv2cGTtEieqYNDEs=
-4,-27,Ixb6B4lVYcpOUX2igijUjg0ngkI=,RyK2QwAGijWcv2cGTtEieqYNDEs=
-3,-31,Ixb6B4lVYcpOUX2igijUjg0ngkI=,RyK2QwAGijWcv2cGTtEieqYNDEs=
-8,-29,Ixb6B4lVYcpOUX2igijUjg0ngkI=,RyK2QwAGijWcv2cGTtEieqYNDEs=
-3,-27,Ixb6B4lVYcpOUX2igijUjg0ngkI=,RyK2QwAGijWcv2cGTtEieqYNDEs=
-2,-27,Ixb6B4lVYcpOUX2igijUjg0ngkI=,RyK2QwAGijWcv2cGTtEieqYNDEs=
-1,-32,Ixb6B4lVYcpOUX2igijUjg0ngkI=,RyK2QwAGijWcv2cGTtEieqYNDEs=
-1,-27,Ixb6B4lVYcpOUX2igijUjg0ngkI=,RyK2QwAGijWcv2cGTtEieqYNDEs=
-14,-19,Ixb6B4lVYcpOUX2igijUjg0ngkI=,RyK2QwAGijWcv2cGTtEieqYNDEs=
-16,-26,Ixb6B4lVYcpOUX2igijUjg0ngkI=,RyK2QwAGijWcv2cGTtEieqYNDEs=
-11,-31,Ixb6B4lVYcpOUX2igijUjg0ngkI=,RyK2QwAGijWcv2cGTtEieqYNDEs=
-4,-31,Ixb6B4lVYcpOUX2igijUjg0ngkI=,RyK2QwAGijWcv2cGTtEieqYNDEs=
-15,-19,Ixb6B4lVYcpOUX2igijUjg0ngkI=,RyK2QwAGijWcv2cGTtEieqYNDEs=
-15,-26,Ixb6B4lVYcpOUX2igijUjg0ngkI=,RyK2QwAGijWcv2cGTtEieqYNDEs=
-1,-20,Ixb6B4lVYcpOUX2igijUjg0ngkI=,RyK2QwAGijWcv2cGTtEieqYNDEs=
-16,-19,Ixb6B4lVYcpOUX2igijUjg0ngkI=,RyK2QwAGijWcv2cGTtEieqYNDEs=
-14,-26,Ixb6B4lVYcpOUX2igijUjg0ngkI=,RyK2QwAGijWcv2cGTtEieqYNDEs=
-13,-26,Ixb6B4lVYcpOUX2igijUjg0ngkI=,RyK2QwAGijWcv2cGTtEieqYNDEs=
-12,-26,Ixb6B4lVYcpOUX2igijUjg0ngkI=,RyK2QwAGijWcv2cGTtEieqYNDEs=
-11,-26,Ixb6B4lVYcpOUX2igijUjg0ngkI=,RyK2QwAGijWcv2cGTtEieqYNDEs=
-3,-20,Ixb6B4lVYcpOUX2igijUjg0ngkI=,RyK2QwAGijWcv2cGTtEieqYNDEs=
-2,-20,Ixb6B4lVYcpOUX2igijUjg0ngkI=,RyK2QwAGijWcv2cGTtEieqYNDEs=
-4,-20,Ixb6B4lVYcpOUX2igijUjg0ngkI=,RyK2QwAGijWcv2cGTtEieqYNDEs=
-10,-26,Ixb6B4lVYcpOUX2igijUjg0ngkI=,RyK2QwAGijWcv2cGTtEieqYNDEs=
-9,-26,Ixb6B4lVYcpOUX2igijUjg0ngkI=,RyK2QwAGijWcv2cGTtEieqYNDEs=
-8,-26,Ixb6B4lVYcpOUX2igijUjg0ngkI=,RyK2QwAGijWcv2cGTtEieqYNDEs=
-7,-26,Ixb6B4lVYcpOUX2igijUjg0ngkI=,RyK2QwAGijWcv2cGTtEieqYNDEs=
-5,-20,Ixb6B4lVYcpOUX2igijUjg0ngkI=,RyK2QwAGijWcv2cGTtEieqYNDEs=
-6,-20,Ixb6B4lVYcpOUX2igijUjg0ngkI=,RyK2QwAGijWcv2cGTtEieqYNDEs=
-15,-29,Ixb6B4lVYcpOUX2igijUjg0ngkI=,RyK2QwAGijWcv2cGTtEieqYNDEs=
-7,-20,Ixb6B4lVYcpOUX2igijUjg0ngkI=,RyK2QwAGijWcv2cGTtEieqYNDEs=
-8,-32,Ixb6B4lVYcpOUX2igijUjg0ngkI=,RyK2QwAGijWcv2cGTtEieqYNDEs=
-8,-20,Ixb6B4lVYcpOUX2igijUjg0ngkI=,RyK2QwAGijWcv2cGTtEieqYNDEs=
-6,-26,Ixb6B4lVYcpOUX2igijUjg0ngkI=,RyK2QwAGijWcv2cGTtEieqYNDEs=
-10,-20,Ixb6B4lVYcpOUX2igijUjg0ngkI=,RyK2QwAGijWcv2cGTtEieqYNDEs=
-9,-20,Ixb6B4lVYcpOUX2igijUjg0ngkI=,RyK2QwAGijWcv2cGTtEieqYNDEs=
-5,-26,Ixb6B4lVYcpOUX2igijUjg0ngkI=,RyK2QwAGijWcv2cGTtEieqYNDEs=
-4,-26,Ixb6B4lVYcpOUX2igijUjg0ngkI=,RyK2QwAGijWcv2cGTtEieqYNDEs=
-3,-26,Ixb6B4lVYcpOUX2igijUjg0ngkI=,RyK2QwAGijWcv2cGTtEieqYNDEs=
-2,-26,Ixb6B4lVYcpOUX2igijUjg0ngkI=,RyK2QwAGijWcv2cGTtEieqYNDEs=
-12,-20,Ixb6B4lVYcpOUX2igijUjg0ngkI=,RyK2QwAGijWcv2cGTtEieqYNDEs=
-11,-20,Ixb6B4lVYcpOUX2igijUjg0ngkI=,RyK2QwAGijWcv2cGTtEieqYNDEs=
-1,-26,Ixb6B4lVYcpOUX2igijUjg0ngkI=,RyK2QwAGijWcv2cGTtEieqYNDEs=
-9,-29,Ixb6B4lVYcpOUX2igijUjg0ngkI=,RyK2QwAGijWcv2cGTtEieqYNDEs=
-16,-25,Ixb6B4lVYcpOUX2igijUjg0ngkI=,RyK2QwAGijWcv2cGTtEieqYNDEs=
-2,-32,Ixb6B4lVYcpOUX2igijUjg0ngkI=,RyK2QwAGijWcv2cGTtEieqYNDEs=
-10,-31,Ixb6B4lVYcpOUX2igijUjg0ngkI=,RyK2QwAGijWcv2cGTtEieqYNDEs=
-14,-20,Ixb6B4lVYcpOUX2igijUjg0ngkI=,RyK2QwAGijWcv2cGTtEieqYNDEs=
-13,-20,Ixb6B4lVYcpOUX2igijUjg0ngkI=,RyK2QwAGijWcv2cGTtEieqYNDEs=
-15,-25,Ixb6B4lVYcpOUX2igijUjg0ngkI=,RyK2QwAGijWcv2cGTtEieqYNDEs=
-15,-20,Ixb6B4lVYcpOUX2igijUjg0ngkI=,RyK2QwAGijWcv2cGTtEieqYNDEs=
-14,-25,Ixb6B4lVYcpOUX2igijUjg0ngkI=,RyK2QwAGijWcv2cGTtEieqYNDEs=
-13,-25,Ixb6B4lVYcpOUX2igijUjg0ngkI=,RyK2QwAGijWcv2cGTtEieqYNDEs=
-12,-25,Ixb6B4lVYcpOUX2igijUjg0ngkI=,RyK2QwAGijWcv2cGTtEieqYNDEs=
-11,-25,Ixb6B4lVYcpOUX2igijUjg0ngkI=,RyK2QwAGijWcv2cGTtEieqYNDEs=
-16,-20,Ixb6B4lVYcpOUX2igijUjg0ngkI=,RyK2QwAGijWcv2cGTtEieqYNDEs=
-5,-31,Ixb6B4lVYcpOUX2igijUjg0ngkI=,RyK2QwAGijWcv2cGTtEieqYNDEs=
-10,-25,Ixb6B4lVYcpOUX2igijUjg0ngkI=,RyK2QwAGijWcv2cGTtEieqYNDEs=
-1,-21,Ixb6B4lVYcpOUX2igijUjg0ngkI=,RyK2QwAGijWcv2cGTtEieqYNDEs=
-9,-25,Ixb6B4lVYcpOUX2igijUjg0ngkI=,RyK2QwAGijWcv2cGTtEieqYNDEs=
-8,-25,Ixb6B4lVYcpOUX2igijUjg0ngkI=,RyK2QwAGijWcv2cGTtEieqYNDEs=
-2,-21,Ixb6B4lVYcpOUX2igijUjg0ngkI=,RyK2QwAGijWcv2cGTtEieqYNDEs=
-14,-29,Ixb6B4lVYcpOUX2igijUjg0ngkI=,RyK2QwAGijWcv2cGTtEieqYNDEs=
-3,-21,Ixb6B4lVYcpOUX2igijUjg0ngkI=,RyK2QwAGijWcv2cGTtEieqYNDEs=
-4,-21,Ixb6B4lVYcpOUX2igijUjg0ngkI=,RyK2QwAGijWcv2cGTtEieqYNDEs=
-5,-21,Ixb6B4lVYcpOUX2igijUjg0ngkI=,RyK2QwAGijWcv2cGTtEieqYNDEs=
-7,-32,Ixb6B4lVYcpOUX2igijUjg0ngkI=,RyK2QwAGijWcv2cGTtEieqYNDEs=
-7,-25,Ixb6B4lVYcpOUX2igijUjg0ngkI=,RyK2QwAGijWcv2cGTtEieqYNDEs=
-6,-25,Ixb6B4lVYcpOUX2igijUjg0ngkI=,RyK2QwAGijWcv2cGTtEieqYNDEs=
-5,-25,Ixb6B4lVYcpOUX2igijUjg0ngkI=,RyK2QwAGijWcv2cGTtEieqYNDEs=
-4,-25,Ixb6B4lVYcpOUX2igijUjg0ngkI=,RyK2QwAGijWcv2cGTtEieqYNDEs=
-3,-25,Ixb6B4lVYcpOUX2igijUjg0ngkI=,RyK2QwAGijWcv2cGTtEieqYNDEs=
-2,-25,Ixb6B4lVYcpOUX2igijUjg0ngkI=,RyK2QwAGijWcv2cGTtEieqYNDEs=
-6,-21,Ixb6B4lVYcpOUX2igijUjg0ngkI=,RyK2QwAGijWcv2cGTtEieqYNDEs=
-7,-21,Ixb6B4lVYcpOUX2igijUjg0ngkI=,RyK2QwAGijWcv2cGTtEieqYNDEs=
-1,-25,Ixb6B4lVYcpOUX2igijUjg0ngkI=,RyK2QwAGijWcv2cGTtEieqYNDEs=
-16,-24,Ixb6B4lVYcpOUX2igijUjg0ngkI=,RyK2QwAGijWcv2cGTtEieqYNDEs=
-9,-21,Ixb6B4lVYcpOUX2igijUjg0ngkI=,RyK2QwAGijWcv2cGTtEieqYNDEs=
-9,-31,Ixb6B4lVYcpOUX2igijUjg0ngkI=,RyK2QwAGijWcv2cGTtEieqYNDEs=
-8,-21,Ixb6B4lVYcpOUX2igijUjg0ngkI=,RyK2QwAGijWcv2cGTtEieqYNDEs=
-10,-21,Ixb6B4lVYcpOUX2igijUjg0ngkI=,RyK2QwAGijWcv2cGTtEieqYNDEs=
-15,-24,Ixb6B4lVYcpOUX2igijUjg0ngkI=,RyK2QwAGijWcv2cGTtEieqYNDEs=
-11,-21,Ixb6B4lVYcpOUX2igijUjg0ngkI=,RyK2QwAGijWcv2cGTtEieqYNDEs=
-3,-32,Ixb6B4lVYcpOUX2igijUjg0ngkI=,RyK2QwAGijWcv2cGTtEieqYNDEs=
-10,-29,Ixb6B4lVYcpOUX2igijUjg0ngkI=,RyK2QwAGijWcv2cGTtEieqYNDEs=
-14,-24,Ixb6B4lVYcpOUX2igijUjg0ngkI=,RyK2QwAGijWcv2cGTtEieqYNDEs=
-13,-24,Ixb6B4lVYcpOUX2igijUjg0ngkI=,RyK2QwAGijWcv2cGTtEieqYNDEs=
-12,-24,Ixb6B4lVYcpOUX2igijUjg0ngkI=,RyK2QwAGijWcv2cGTtEieqYNDEs=
-11,-24,Ixb6B4lVYcpOUX2igijUjg0ngkI=,RyK2QwAGijWcv2cGTtEieqYNDEs=
-10,-24,Ixb6B4lVYcpOUX2igijUjg0ngkI=,RyK2QwAGijWcv2cGTtEieqYNDEs=
-13,-21,Ixb6B4lVYcpOUX2igijUjg0ngkI=,RyK2QwAGijWcv2cGTtEieqYNDEs=
-9,-24,Ixb6B4lVYcpOUX2igijUjg0ngkI=,RyK2QwAGijWcv2cGTtEieqYNDEs=
-12,-21,Ixb6B4lVYcpOUX2igijUjg0ngkI=,RyK2QwAGijWcv2cGTtEieqYNDEs=
-13,-29,Ixb6B4lVYcpOUX2igijUjg0ngkI=,RyK2QwAGijWcv2cGTtEieqYNDEs=
-14,-21,Ixb6B4lVYcpOUX2igijUjg0ngkI=,RyK2QwAGijWcv2cGTtEieqYNDEs=
-15,-21,Ixb6B4lVYcpOUX2igijUjg0ngkI=,RyK2QwAGijWcv2cGTtEieqYNDEs=
-6,-32,Ixb6B4lVYcpOUX2igijUjg0ngkI=,RyK2QwAGijWcv2cGTtEieqYNDEs=
-8,-24,Ixb6B4lVYcpOUX2igijUjg0ngkI=,RyK2QwAGijWcv2cGTtEieqYNDEs=
-7,-24,Ixb6B4lVYcpOUX2igijUjg0ngkI=,RyK2QwAGijWcv2cGTtEieqYNDEs=
-16,-21,Ixb6B4lVYcpOUX2igijUjg0ngkI=,RyK2QwAGijWcv2cGTtEieqYNDEs=
-6,-31,Ixb6B4lVYcpOUX2igijUjg0ngkI=,RyK2QwAGijWcv2cGTtEieqYNDEs=
-1,-22,Ixb6B4lVYcpOUX2igijUjg0ngkI=,RyK2QwAGijWcv2cGTtEieqYNDEs=
-2,-22,Ixb6B4lVYcpOUX2igijUjg0ngkI=,RyK2QwAGijWcv2cGTtEieqYNDEs=
-3,-22,Ixb6B4lVYcpOUX2igijUjg0ngkI=,RyK2QwAGijWcv2cGTtEieqYNDEs=
-6,-24,Ixb6B4lVYcpOUX2igijUjg0ngkI=,RyK2QwAGijWcv2cGTtEieqYNDEs=
-5,-24,Ixb6B4lVYcpOUX2igijUjg0ngkI=,RyK2QwAGijWcv2cGTtEieqYNDEs=
-4,-22,Ixb6B4lVYcpOUX2igijUjg0ngkI=,RyK2QwAGijWcv2cGTtEieqYNDEs=
-4,-24,Ixb6B4lVYcpOUX2igijUjg0ngkI=,RyK2QwAGijWcv2cGTtEieqYNDEs=
-3,-24,Ixb6B4lVYcpOUX2igijUjg0ngkI=,RyK2QwAGijWcv2cGTtEieqYNDEs=
-5,-22,Ixb6B4lVYcpOUX2igijUjg0ngkI=,RyK2QwAGijWcv2cGTtEieqYNDEs=
-2,-24,Ixb6B4lVYcpOUX2igijUjg0ngkI=,RyK2QwAGijWcv2cGTtEieqYNDEs=
-6,-22,Ixb6B4lVYcpOUX2igijUjg0ngkI=,RyK2QwAGijWcv2cGTtEieqYNDEs=
-1,-24,Ixb6B4lVYcpOUX2igijUjg0ngkI=,RyK2QwAGijWcv2cGTtEieqYNDEs=
-8,-22,Ixb6B4lVYcpOUX2igijUjg0ngkI=,RyK2QwAGijWcv2cGTtEieqYNDEs=
-7,-22,Ixb6B4lVYcpOUX2igijUjg0ngkI=,RyK2QwAGijWcv2cGTtEieqYNDEs=
-9,-22,Ixb6B4lVYcpOUX2igijUjg0ngkI=,RyK2QwAGijWcv2cGTtEieqYNDEs=
-16,-23,Ixb6B4lVYcpOUX2igijUjg0ngkI=,RyK2QwAGijWcv2cGTtEieqYNDEs=
-8,-31,Ixb6B4lVYcpOUX2igijUjg0ngkI=,RyK2QwAGijWcv2cGTtEieqYNDEs=
-10,-22,Ixb6B4lVYcpOUX2igijUjg0ngkI=,RyK2QwAGijWcv2cGTtEieqYNDEs=
-11,-29,Ixb6B4lVYcpOUX2igijUjg0ngkI=,RyK2QwAGijWcv2cGTtEieqYNDEs=
-4,-32,Ixb6B4lVYcpOUX2igijUjg0ngkI=,RyK2QwAGijWcv2cGTtEieqYNDEs=
-15,-23,Ixb6B4lVYcpOUX2igijUjg0ngkI=,RyK2QwAGijWcv2cGTtEieqYNDEs=
-11,-22,Ixb6B4lVYcpOUX2igijUjg0ngkI=,RyK2QwAGijWcv2cGTtEieqYNDEs=
-13,-22,Ixb6B4lVYcpOUX2igijUjg0ngkI=,RyK2QwAGijWcv2cGTtEieqYNDEs=
-12,-22,Ixb6B4lVYcpOUX2igijUjg0ngkI=,RyK2QwAGijWcv2cGTtEieqYNDEs=
-14,-23,Ixb6B4lVYcpOUX2igijUjg0ngkI=,RyK2QwAGijWcv2cGTtEieqYNDEs=
-13,-23,Ixb6B4lVYcpOUX2igijUjg0ngkI=,RyK2QwAGijWcv2cGTtEieqYNDEs=
-12,-23,Ixb6B4lVYcpOUX2igijUjg0ngkI=,RyK2QwAGijWcv2cGTtEieqYNDEs=
-14,-22,Ixb6B4lVYcpOUX2igijUjg0ngkI=,RyK2QwAGijWcv2cGTtEieqYNDEs=
-15,-22,Ixb6B4lVYcpOUX2igijUjg0ngkI=,RyK2QwAGijWcv2cGTtEieqYNDEs=
-11,-23,Ixb6B4lVYcpOUX2igijUjg0ngkI=,RyK2QwAGijWcv2cGTtEieqYNDEs=
-7,-31,Ixb6B4lVYcpOUX2igijUjg0ngkI=,RyK2QwAGijWcv2cGTtEieqYNDEs=
-10,-23,Ixb6B4lVYcpOUX2igijUjg0ngkI=,RyK2QwAGijWcv2cGTtEieqYNDEs=
-16,-22,Ixb6B4lVYcpOUX2igijUjg0ngkI=,RyK2QwAGijWcv2cGTtEieqYNDEs=
-12,-29,Ixb6B4lVYcpOUX2igijUjg0ngkI=,RyK2QwAGijWcv2cGTtEieqYNDEs=
-1,-23,Ixb6B4lVYcpOUX2igijUjg0ngkI=,RyK2QwAGijWcv2cGTtEieqYNDEs=
-2,-23,Ixb6B4lVYcpOUX2igijUjg0ngkI=,RyK2QwAGijWcv2cGTtEieqYNDEs=
-3,-23,Ixb6B4lVYcpOUX2igijUjg0ngkI=,RyK2QwAGijWcv2cGTtEieqYNDEs=
-4,-23,Ixb6B4lVYcpOUX2igijUjg0ngkI=,RyK2QwAGijWcv2cGTtEieqYNDEs=
-5,-23,Ixb6B4lVYcpOUX2igijUjg0ngkI=,RyK2QwAGijWcv2cGTtEieqYNDEs=
-5,-32,Ixb6B4lVYcpOUX2igijUjg0ngkI=,RyK2QwAGijWcv2cGTtEieqYNDEs=
-9,-23,Ixb6B4lVYcpOUX2igijUjg0ngkI=,RyK2QwAGijWcv2cGTtEieqYNDEs=
-7,-23,Ixb6B4lVYcpOUX2igijUjg0ngkI=,RyK2QwAGijWcv2cGTtEieqYNDEs=
-6,-23,Ixb6B4lVYcpOUX2igijUjg0ngkI=,RyK2QwAGijWcv2cGTtEieqYNDEs=
-6,-30,Ixb6B4lVYcpOUX2igijUjg0ngkI=,RyK2QwAGijWcv2cGTtEieqYNDEs=
-8,-23,Ixb6B4lVYcpOUX2igijUjg0ngkI=,RyK2QwAGijWcv2cGTtEieqYNDEs=
-17,-31,7+gMWNBsNilziK5GW5UNq8fsJ8I=,DNinrqrqb3LHpEFuph+fuhbDB5w=
-29,-32,7+gMWNBsNilziK5GW5UNq8fsJ8I=,DNinrqrqb3LHpEFuph+fuhbDB5w=
-17,-17,7+gMWNBsNilziK5GW5UNq8fsJ8I=,DNinrqrqb3LHpEFuph+fuhbDB5w=
-20,-29,7+gMWNBsNilziK5GW5UNq8fsJ8I=,DNinrqrqb3LHpEFuph+fuhbDB5w=
-18,-30,7+gMWNBsNilziK5GW5UNq8fsJ8I=,DNinrqrqb3LHpEFuph+fuhbDB5w=
-19,-30,7+gMWNBsNilziK5GW5UNq8fsJ8I=,DNinrqrqb3LHpEFuph+fuhbDB5w=
-28,-32,7+gMWNBsNilziK5GW5UNq8fsJ8I=,DNinrqrqb3LHpEFuph+fuhbDB5w=
-21,-30,7+gMWNBsNilziK5GW5UNq8fsJ8I=,DNinrqrqb3LHpEFuph+fuhbDB5w=
-22,-30,7+gMWNBsNilziK5GW5UNq8fsJ8I=,DNinrqrqb3LHpEFuph+fuhbDB5w=
-23,-30,7+gMWNBsNilziK5GW5UNq8fsJ8I=,DNinrqrqb3LHpEFuph+fuhbDB5w=
-24,-30,7+gMWNBsNilziK5GW5UNq8fsJ8I=,DNinrqrqb3LHpEFuph+fuhbDB5w=
-25,-30,7+gMWNBsNilziK5GW5UNq8fsJ8I=,DNinrqrqb3LHpEFuph+fuhbDB5w=
-20,-30,7+gMWNBsNilziK5GW5UNq8fsJ8I=,DNinrqrqb3LHpEFuph+fuhbDB5w=
-26,-30,7+gMWNBsNilziK5GW5UNq8fsJ8I=,DNinrqrqb3LHpEFuph+fuhbDB5w=
-19,-29,7+gMWNBsNilziK5GW5UNq8fsJ8I=,DNinrqrqb3LHpEFuph+fuhbDB5w=
-18,-29,7+gMWNBsNilziK5GW5UNq8fsJ8I=,DNinrqrqb3LHpEFuph+fuhbDB5w=
-17,-29,7+gMWNBsNilziK5GW5UNq8fsJ8I=,DNinrqrqb3LHpEFuph+fuhbDB5w=
-29,-30,7+gMWNBsNilziK5GW5UNq8fsJ8I=,DNinrqrqb3LHpEFuph+fuhbDB5w=
-28,-30,7+gMWNBsNilziK5GW5UNq8fsJ8I=,DNinrqrqb3LHpEFuph+fuhbDB5w=
-31,-30,7+gMWNBsNilziK5GW5UNq8fsJ8I=,DNinrqrqb3LHpEFuph+fuhbDB5w=
-30,-30,7+gMWNBsNilziK5GW5UNq8fsJ8I=,DNinrqrqb3LHpEFuph+fuhbDB5w=
-27,-30,7+gMWNBsNilziK5GW5UNq8fsJ8I=,DNinrqrqb3LHpEFuph+fuhbDB5w=
-32,-30,7+gMWNBsNilziK5GW5UNq8fsJ8I=,DNinrqrqb3LHpEFuph+fuhbDB5w=
-21,-29,7+gMWNBsNilziK5GW5UNq8fsJ8I=,DNinrqrqb3LHpEFuph+fuhbDB5w=
-18,-17,7+gMWNBsNilziK5GW5UNq8fsJ8I=,DNinrqrqb3LHpEFuph+fuhbDB5w=
-32,-28,7+gMWNBsNilziK5GW5UNq8fsJ8I=,DNinrqrqb3LHpEFuph+fuhbDB5w=
-19,-17,7+gMWNBsNilziK5GW5UNq8fsJ8I=,DNinrqrqb3LHpEFuph+fuhbDB5w=
-27,-32,7+gMWNBsNilziK5GW5UNq8fsJ8I=,DNinrqrqb3LHpEFuph+fuhbDB5w=
-30,-31,7+gMWNBsNilziK5GW5UNq8fsJ8I=,DNinrqrqb3LHpEFuph+fuhbDB5w=
-20,-17,7+gMWNBsNilziK5GW5UNq8fsJ8I=,DNinrqrqb3LHpEFuph+fuhbDB5w=
-21,-17,7+gMWNBsNilziK5GW5UNq8fsJ8I=,DNinrqrqb3LHpEFuph+fuhbDB5w=
-22,-17,7+gMWNBsNilziK5GW5UNq8fsJ8I=,DNinrqrqb3LHpEFuph+fuhbDB5w=
-23,-17,7+gMWNBsNilziK5GW5UNq8fsJ8I=,DNinrqrqb3LHpEFuph+fuhbDB5w=
-31,-28,7+gMWNBsNilziK5GW5UNq8fsJ8I=,DNinrqrqb3LHpEFuph+fuhbDB5w=
-24,-17,7+gMWNBsNilziK5GW5UNq8fsJ8I=,DNinrqrqb3LHpEFuph+fuhbDB5w=
-25,-17,7+gMWNBsNilziK5GW5UNq8fsJ8I=,DNinrqrqb3LHpEFuph+fuhbDB5w=
-26,-17,7+gMWNBsNilziK5GW5UNq8fsJ8I=,DNinrqrqb3LHpEFuph+fuhbDB5w=
-30,-28,7+gMWNBsNilziK5GW5UNq8fsJ8I=,DNinrqrqb3LHpEFuph+fuhbDB5w=
-27,-17,7+gMWNBsNilziK5GW5UNq8fsJ8I=,DNinrqrqb3LHpEFuph+fuhbDB5w=
-28,-17,7+gMWNBsNilziK5GW5UNq8fsJ8I=,DNinrqrqb3LHpEFuph+fuhbDB5w=
-29,-17,7+gMWNBsNilziK5GW5UNq8fsJ8I=,DNinrqrqb3LHpEFuph+fuhbDB5w=
-30,-17,7+gMWNBsNilziK5GW5UNq8fsJ8I=,DNinrqrqb3LHpEFuph+fuhbDB5w=
-29,-28,7+gMWNBsNilziK5GW5UNq8fsJ8I=,DNinrqrqb3LHpEFuph+fuhbDB5w=
-30,-32,7+gMWNBsNilziK5GW5UNq8fsJ8I=,DNinrqrqb3LHpEFuph+fuhbDB5w=
-22,-29,7+gMWNBsNilziK5GW5UNq8fsJ8I=,DNinrqrqb3LHpEFuph+fuhbDB5w=
-18,-31,7+gMWNBsNilziK5GW5UNq8fsJ8I=,DNinrqrqb3LHpEFuph+fuhbDB5w=
-31,-17,7+gMWNBsNilziK5GW5UNq8fsJ8I=,DNinrqrqb3LHpEFuph+fuhbDB5w=
-32,-17,7+gMWNBsNilziK5GW5UNq8fsJ8I=,DNinrqrqb3LHpEFuph+fuhbDB5w=
-18,-18,7+gMWNBsNilziK5GW5UNq8fsJ8I=,DNinrqrqb3LHpEFuph+fuhbDB5w=
-19,-18,7+gMWNBsNilziK5GW5UNq8fsJ8I=,DNinrqrqb3LHpEFuph+fuhbDB5w=
-28,-28,7+gMWNBsNilziK5GW5UNq8fsJ8I=,DNinrqrqb3LHpEFuph+fuhbDB5w=
-17,-18,7+gMWNBsNilziK5GW5UNq8fsJ8I=,DNinrqrqb3LHpEFuph+fuhbDB5w=
-27,-28,7+gMWNBsNilziK5GW5UNq8fsJ8I=,DNinrqrqb3LHpEFuph+fuhbDB5w=
-21,-18,7+gMWNBsNilziK5GW5UNq8fsJ8I=,DNinrqrqb3LHpEFuph+fuhbDB5w=
-22,-18,7+gMWNBsNilziK5GW5UNq8fsJ8I=,DNinrqrqb3LHpEFuph+fuhbDB5w=
-23,-18,7+gMWNBsNilziK5GW5UNq8fsJ8I=,DNinrqrqb3LHpEFuph+fuhbDB5w=
-24,-18,7+gMWNBsNilziK5GW5UNq8fsJ8I=,DNinrqrqb3LHpEFuph+fuhbDB5w=
-25,-18,7+gMWNBsNilziK5GW5UNq8fsJ8I=,DNinrqrqb3LHpEFuph+fuhbDB5w=
-20,-18,7+gMWNBsNilziK5GW5UNq8fsJ8I=,DNinrqrqb3LHpEFuph+fuhbDB5w=
-26,-28,7+gMWNBsNilziK5GW5UNq8fsJ8I=,DNinrqrqb3LHpEFuph+fuhbDB5w=
-26,-18,7+gMWNBsNilziK5GW5UNq8fsJ8I=,DNinrqrqb3LHpEFuph+fuhbDB5w=
-27,-18,7+gMWNBsNilziK5GW5UNq8fsJ8I=,DNinrqrqb3LHpEFuph+fuhbDB5w=
-29,-18,7+gMWNBsNilziK5GW5UNq8fsJ8I=,DNinrqrqb3LHpEFuph+fuhbDB5w=
-30,-18,7+gMWNBsNilziK5GW5UNq8fsJ8I=,DNinrqrqb3LHpEFuph+fuhbDB5w=
-31,-31,7+gMWNBsNilziK5GW5UNq8fsJ8I=,DNinrqrqb3LHpEFuph+fuhbDB5w=
-23,-29,7+gMWNBsNilziK5GW5UNq8fsJ8I=,DNinrqrqb3LHpEFuph+fuhbDB5w=
-31,-18,7+gMWNBsNilziK5GW5UNq8fsJ8I=,DNinrqrqb3LHpEFuph+fuhbDB5w=
-32,-31,7+gMWNBsNilziK5GW5UNq8fsJ8I=,DNinrqrqb3LHpEFuph+fuhbDB5w=
-32,-18,7+gMWNBsNilziK5GW5UNq8fsJ8I=,DNinrqrqb3LHpEFuph+fuhbDB5w=
-28,-18,7+gMWNBsNilziK5GW5UNq8fsJ8I=,DNinrqrqb3LHpEFuph+fuhbDB5w=
-25,-28,7+gMWNBsNilziK5GW5UNq8fsJ8I=,DNinrqrqb3LHpEFuph+fuhbDB5w=
-17,-19,7+gMWNBsNilziK5GW5UNq8fsJ8I=,DNinrqrqb3LHpEFuph+fuhbDB5w=
-31,-32,7+gMWNBsNilziK5GW5UNq8fsJ8I=,DNinrqrqb3LHpEFuph+fuhbDB5w=
-19,-19,7+gMWNBsNilziK5GW5UNq8fsJ8I=,DNinrqrqb3LHpEFuph+fuhbDB5w=
-18,-19,7+gMWNBsNilziK5GW5UNq8fsJ8I=,DNinrqrqb3LHpEFuph+fuhbDB5w=
-24,-28,7+gMWNBsNilziK5GW5UNq8fsJ8I=,DNinrqrqb3LHpEFuph+fuhbDB5w=
-21,-19,7+gMWNBsNilziK5GW5UNq8fsJ8I=,DNinrqrqb3LHpEFuph+fuhbDB5w=
-22,-19,7+gMWNBsNilziK5GW5UNq8fsJ8I=,DNinrqrqb3LHpEFuph+fuhbDB5w=
-23,-19,7+gMWNBsNilziK5GW5UNq8fsJ8I=,DNinrqrqb3LHpEFuph+fuhbDB5w=
-24,-19,7+gMWNBsNilziK5GW5UNq8fsJ8I=,DNinrqrqb3LHpEFuph+fuhbDB5w=
-25,-19,7+gMWNBsNilziK5GW5UNq8fsJ8I=,DNinrqrqb3LHpEFuph+fuhbDB5w=
-20,-19,7+gMWNBsNilziK5GW5UNq8fsJ8I=,DNinrqrqb3LHpEFuph+fuhbDB5w=
-23,-28,7+gMWNBsNilziK5GW5UNq8fsJ8I=,DNinrqrqb3LHpEFuph+fuhbDB5w=
-26,-19,7+gMWNBsNilziK5GW5UNq8fsJ8I=,DNinrqrqb3LHpEFuph+fuhbDB5w=
-27,-19,7+gMWNBsNilziK5GW5UNq8fsJ8I=,DNinrqrqb3LHpEFuph+fuhbDB5w=
-29,-19,7+gMWNBsNilziK5GW5UNq8fsJ8I=,DNinrqrqb3LHpEFuph+fuhbDB5w=
-17,-32,7+gMWNBsNilziK5GW5UNq8fsJ8I=,DNinrqrqb3LHpEFuph+fuhbDB5w=
-28,-19,7+gMWNBsNilziK5GW5UNq8fsJ8I=,DNinrqrqb3LHpEFuph+fuhbDB5w=
-24,-29,7+gMWNBsNilziK5GW5UNq8fsJ8I=,DNinrqrqb3LHpEFuph+fuhbDB5w=
-22,-28,7+gMWNBsNilziK5GW5UNq8fsJ8I=,DNinrqrqb3LHpEFuph+fuhbDB5w=
-19,-31,7+gMWNBsNilziK5GW5UNq8fsJ8I=,DNinrqrqb3LHpEFuph+fuhbDB5w=
-31,-19,7+gMWNBsNilziK5GW5UNq8fsJ8I=,DNinrqrqb3LHpEFuph+fuhbDB5w=
-17,-30,7+gMWNBsNilziK5GW5UNq8fsJ8I=,DNinrqrqb3LHpEFuph+fuhbDB5w=
-30,-19,7+gMWNBsNilziK5GW5UNq8fsJ8I=,DNinrqrqb3LHpEFuph+fuhbDB5w=
-32,-19,7+gMWNBsNilziK5GW5UNq8fsJ8I=,DNinrqrqb3LHpEFuph+fuhbDB5w=
-20,-31,7+gMWNBsNilziK5GW5UNq8fsJ8I=,DNinrqrqb3LHpEFuph+fuhbDB5w=
-17,-20,7+gMWNBsNilziK5GW5UNq8fsJ8I=,DNinrqrqb3LHpEFuph+fuhbDB5w=
-19,-20,7+gMWNBsNilziK5GW5UNq8fsJ8I=,DNinrqrqb3LHpEFuph+fuhbDB5w=
-21,-28,7+gMWNBsNilziK5GW5UNq8fsJ8I=,DNinrqrqb3LHpEFuph+fuhbDB5w=
-18,-20,7+gMWNBsNilziK5GW5UNq8fsJ8I=,DNinrqrqb3LHpEFuph+fuhbDB5w=
-26,-32,7+gMWNBsNilziK5GW5UNq8fsJ8I=,DNinrqrqb3LHpEFuph+fuhbDB5w=
-21,-20,7+gMWNBsNilziK5GW5UNq8fsJ8I=,DNinrqrqb3LHpEFuph+fuhbDB5w=
-22,-20,7+gMWNBsNilziK5GW5UNq8fsJ8I=,DNinrqrqb3LHpEFuph+fuhbDB5w=
-23,-20,7+gMWNBsNilziK5GW5UNq8fsJ8I=,DNinrqrqb3LHpEFuph+fuhbDB5w=
-20,-20,7+gMWNBsNilziK5GW5UNq8fsJ8I=,DNinrqrqb3LHpEFuph+fuhbDB5w=
-25,-20,7+gMWNBsNilziK5GW5UNq8fsJ8I=,DNinrqrqb3LHpEFuph+fuhbDB5w=
-20,-28,7+gMWNBsNilziK5GW5UNq8fsJ8I=,DNinrqrqb3LHpEFuph+fuhbDB5w=
-24,-20,7+gMWNBsNilziK5GW5UNq8fsJ8I=,DNinrqrqb3LHpEFuph+fuhbDB5w=
-26,-20,7+gMWNBsNilziK5GW5UNq8fsJ8I=,DNinrqrqb3LHpEFuph+fuhbDB5w=
-27,-20,7+gMWNBsNilziK5GW5UNq8fsJ8I=,DNinrqrqb3LHpEFuph+fuhbDB5w=
-19,-28,7+gMWNBsNilziK5GW5UNq8fsJ8I=,DNinrqrqb3LHpEFuph+fuhbDB5w=
-28,-20,7+gMWNBsNilziK5GW5UNq8fsJ8I=,DNinrqrqb3LHpEFuph+fuhbDB5w=
-25,-29,7+gMWNBsNilziK5GW5UNq8fsJ8I=,DNinrqrqb3LHpEFuph+fuhbDB5w=
-29,-20,7+gMWNBsNilziK5GW5UNq8fsJ8I=,DNinrqrqb3LHpEFuph+fuhbDB5w=
-18,-32,7+gMWNBsNilziK5GW5UNq8fsJ8I=,DNinrqrqb3LHpEFuph+fuhbDB5w=
-31,-20,7+gMWNBsNilziK5GW5UNq8fsJ8I=,DNinrqrqb3LHpEFuph+fuhbDB5w=
-30,-20,7+gMWNBsNilziK5GW5UNq8fsJ8I=,DNinrqrqb3LHpEFuph+fuhbDB5w=
-32,-20,7+gMWNBsNilziK5GW5UNq8fsJ8I=,DNinrqrqb3LHpEFuph+fuhbDB5w=
-21,-31,7+gMWNBsNilziK5GW5UNq8fsJ8I=,DNinrqrqb3LHpEFuph+fuhbDB5w=
-18,-21,7+gMWNBsNilziK5GW5UNq8fsJ8I=,DNinrqrqb3LHpEFuph+fuhbDB5w=
-19,-21,7+gMWNBsNilziK5GW5UNq8fsJ8I=,DNinrqrqb3LHpEFuph+fuhbDB5w=
-18,-28,7+gMWNBsNilziK5GW5UNq8fsJ8I=,DNinrqrqb3LHpEFuph+fuhbDB5w=
-17,-21,7+gMWNBsNilziK5GW5UNq8fsJ8I=,DNinrqrqb3LHpEFuph+fuhbDB5w=
-21,-21,7+gMWNBsNilziK5GW5UNq8fsJ8I=,DNinrqrqb3LHpEFuph+fuhbDB5w=
-22,-21,7+gMWNBsNilziK5GW5UNq8fsJ8I=,DNinrqrqb3LHpEFuph+fuhbDB5w=
-23,-21,7+gMWNBsNilziK5GW5UNq8fsJ8I=,DNinrqrqb3LHpEFuph+fuhbDB5w=
-24,-21,7+gMWNBsNilziK5GW5UNq8fsJ8I=,DNinrqrqb3LHpEFuph+fuhbDB5w=
-25,-21,7+gMWNBsNilziK5GW5UNq8fsJ8I=,DNinrqrqb3LHpEFuph+fuhbDB5w=
-20,-21,7+gMWNBsNilziK5GW5UNq8fsJ8I=,DNinrqrqb3LHpEFuph+fuhbDB5w=
-26,-21,7+gMWNBsNilziK5GW5UNq8fsJ8I=,DNinrqrqb3LHpEFuph+fuhbDB5w=
-27,-21,7+gMWNBsNilziK5GW5UNq8fsJ8I=,DNinrqrqb3LHpEFuph+fuhbDB5w=
-26,-29,7+gMWNBsNilziK5GW5UNq8fsJ8I=,DNinrqrqb3LHpEFuph+fuhbDB5w=
-17,-28,7+gMWNBsNilziK5GW5UNq8fsJ8I=,DNinrqrqb3LHpEFuph+fuhbDB5w=
-19,-32,7+gMWNBsNilziK5GW5UNq8fsJ8I=,DNinrqrqb3LHpEFuph+fuhbDB5w=
-29,-21,7+gMWNBsNilziK5GW5UNq8fsJ8I=,DNinrqrqb3LHpEFuph+fuhbDB5w=
-30,-21,7+gMWNBsNilziK5GW5UNq8fsJ8I=,DNinrqrqb3LHpEFuph+fuhbDB5w=
-31,-21,7+gMWNBsNilziK5GW5UNq8fsJ8I=,DNinrqrqb3LHpEFuph+fuhbDB5w=
-32,-27,7+gMWNBsNilziK5GW5UNq8fsJ8I=,DNinrqrqb3LHpEFuph+fuhbDB5w=
-29,-31,7+gMWNBsNilziK5GW5UNq8fsJ8I=,DNinrqrqb3LHpEFuph+fuhbDB5w=
-28,-21,7+gMWNBsNilziK5GW5UNq8fsJ8I=,DNinrqrqb3LHpEFuph+fuhbDB5w=
-32,-21,7+gMWNBsNilziK5GW5UNq8fsJ8I=,DNinrqrqb3LHpEFuph+fuhbDB5w=
-22,-31,7+gMWNBsNilziK5GW5UNq8fsJ8I=,DNinrqrqb3LHpEFuph+fuhbDB5w=
-18,-22,7+gMWNBsNilziK5GW5UNq8fsJ8I=,DNinrqrqb3LHpEFuph+fuhbDB5w=
-19,-22,7+gMWNBsNilziK5GW5UNq8fsJ8I=,DNinrqrqb3LHpEFuph+fuhbDB5w=
-31,-27,7+gMWNBsNilziK5GW5UNq8fsJ8I=,DNinrqrqb3LHpEFuph+fuhbDB5w=
-17,-22,7+gMWNBsNilziK5GW5UNq8fsJ8I=,DNinrqrqb3LHpEFuph+fuhbDB5w=
-30,-27,7+gMWNBsNilziK5GW5UNq8fsJ8I=,DNinrqrqb3LHpEFuph+fuhbDB5w=
-21,-22,7+gMWNBsNilziK5GW5UNq8fsJ8I=,DNinrqrqb3LHpEFuph+fuhbDB5w=
-22,-22,7+gMWNBsNilziK5GW5UNq8fsJ8I=,DNinrqrqb3LHpEFuph+fuhbDB5w=
-20,-22,7+gMWNBsNilziK5GW5UNq8fsJ8I=,DNinrqrqb3LHpEFuph+fuhbDB5w=
-23,-22,7+gMWNBsNilziK5GW5UNq8fsJ8I=,DNinrqrqb3LHpEFuph+fuhbDB5w=
-24,-22,7+gMWNBsNilziK5GW5UNq8fsJ8I=,DNinrqrqb3LHpEFuph+fuhbDB5w=
-25,-22,7+gMWNBsNilziK5GW5UNq8fsJ8I=,DNinrqrqb3LHpEFuph+fuhbDB5w=
-29,-27,7+gMWNBsNilziK5GW5UNq8fsJ8I=,DNinrqrqb3LHpEFuph+fuhbDB5w=
-26,-22,7+gMWNBsNilziK5GW5UNq8fsJ8I=,DNinrqrqb3LHpEFuph+fuhbDB5w=
-20,-32,7+gMWNBsNilziK5GW5UNq8fsJ8I=,DNinrqrqb3LHpEFuph+fuhbDB5w=
-28,-27,7+gMWNBsNilziK5GW5UNq8fsJ8I=,DNinrqrqb3LHpEFuph+fuhbDB5w=
-27,-29,7+gMWNBsNilziK5GW5UNq8fsJ8I=,DNinrqrqb3LHpEFuph+fuhbDB5w=
-27,-22,7+gMWNBsNilziK5GW5UNq8fsJ8I=,DNinrqrqb3LHpEFuph+fuhbDB5w=
-29,-22,7+gMWNBsNilziK5GW5UNq8fsJ8I=,DNinrqrqb3LHpEFuph+fuhbDB5w=
-27,-27,7+gMWNBsNilziK5GW5UNq8fsJ8I=,DNinrqrqb3LHpEFuph+fuhbDB5w=
-28,-22,7+gMWNBsNilziK5GW5UNq8fsJ8I=,DNinrqrqb3LHpEFuph+fuhbDB5w=
-31,-22,7+gMWNBsNilziK5GW5UNq8fsJ8I=,DNinrqrqb3LHpEFuph+fuhbDB5w=
-23,-31,7+gMWNBsNilziK5GW5UNq8fsJ8I=,DNinrqrqb3LHpEFuph+fuhbDB5w=
-32,-22,7+gMWNBsNilziK5GW5UNq8fsJ8I=,DNinrqrqb3LHpEFuph+fuhbDB5w=
-26,-27,7+gMWNBsNilziK5GW5UNq8fsJ8I=,DNinrqrqb3LHpEFuph+fuhbDB5w=
-30,-22,7+gMWNBsNilziK5GW5UNq8fsJ8I=,DNinrqrqb3LHpEFuph+fuhbDB5w=
-18,-23,7+gMWNBsNilziK5GW5UNq8fsJ8I=,DNinrqrqb3LHpEFuph+fuhbDB5w=
-19,-23,7+gMWNBsNilziK5GW5UNq8fsJ8I=,DNinrqrqb3LHpEFuph+fuhbDB5w=
-17,-23,7+gMWNBsNilziK5GW5UNq8fsJ8I=,DNinrqrqb3LHpEFuph+fuhbDB5w=
-25,-27,7+gMWNBsNilziK5GW5UNq8fsJ8I=,DNinrqrqb3LHpEFuph+fuhbDB5w=
-21,-23,7+gMWNBsNilziK5GW5UNq8fsJ8I=,DNinrqrqb3LHpEFuph+fuhbDB5w=
-22,-23,7+gMWNBsNilziK5GW5UNq8fsJ8I=,DNinrqrqb3LHpEFuph+fuhbDB5w=
-23,-23,7+gMWNBsNilziK5GW5UNq8fsJ8I=,DNinrqrqb3LHpEFuph+fuhbDB5w=
-24,-23,7+gMWNBsNilziK5GW5UNq8fsJ8I=,DNinrqrqb3LHpEFuph+fuhbDB5w=
-25,-23,7+gMWNBsNilziK5GW5UNq8fsJ8I=,DNinrqrqb3LHpEFuph+fuhbDB5w=
-24,-27,7+gMWNBsNilziK5GW5UNq8fsJ8I=,DNinrqrqb3LHpEFuph+fuhbDB5w=
-20,-23,7+gMWNBsNilziK5GW5UNq8fsJ8I=,DNinrqrqb3LHpEFuph+fuhbDB5w=
-21,-32,7+gMWNBsNilziK5GW5UNq8fsJ8I=,DNinrqrqb3LHpEFuph+fuhbDB5w=
-28,-29,7+gMWNBsNilziK5GW5UNq8fsJ8I=,DNinrqrqb3LHpEFuph+fuhbDB5w=
-26,-23,7+gMWNBsNilziK5GW5UNq8fsJ8I=,DNinrqrqb3LHpEFuph+fuhbDB5w=
-23,-27,7+gMWNBsNilziK5GW5UNq8fsJ8I=,DNinrqrqb3LHpEFuph+fuhbDB5w=
-28,-23,7+gMWNBsNilziK5GW5UNq8fsJ8I=,DNinrqrqb3LHpEFuph+fuhbDB5w=
-29,-23,7+gMWNBsNilziK5GW5UNq8fsJ8I=,DNinrqrqb3LHpEFuph+fuhbDB5w=
-22,-27,7+gMWNBsNilziK5GW5UNq8fsJ8I=,DNinrqrqb3LHpEFuph+fuhbDB5w=
-32,-29,7+gMWNBsNilziK5GW5UNq8fsJ8I=,DNinrqrqb3LHpEFuph+fuhbDB5w=
-27,-23,7+gMWNBsNilziK5GW5UNq8fsJ8I=,DNinrqrqb3LHpEFuph+fuhbDB5w=
-30,-23,7+gMWNBsNilziK5GW5UNq8fsJ8I=,DNinrqrqb3LHpEFuph+fuhbDB5w=
-24,-31,7+gMWNBsNilziK5GW5UNq8fsJ8I=,DNinrqrqb3LHpEFuph+fuhbDB5w=
-32,-23,7+gMWNBsNilziK5GW5UNq8fsJ8I=,DNinrqrqb3LHpEFuph+fuhbDB5w=
-31,-23,7+gMWNBsNilziK5GW5UNq8fsJ8I=,DNinrqrqb3LHpEFuph+fuhbDB5w=
-18,-24,7+gMWNBsNilziK5GW5UNq8fsJ8I=,DNinrqrqb3LHpEFuph+fuhbDB5w=
-28,-31,7+gMWNBsNilziK5GW5UNq8fsJ8I=,DNinrqrqb3LHpEFuph+fuhbDB5w=
-17,-24,7+gMWNBsNilziK5GW5UNq8fsJ8I=,DNinrqrqb3LHpEFuph+fuhbDB5w=
-25,-32,7+gMWNBsNilziK5GW5UNq8fsJ8I=,DNinrqrqb3LHpEFuph+fuhbDB5w=
-19,-24,7+gMWNBsNilziK5GW5UNq8fsJ8I=,DNinrqrqb3LHpEFuph+fuhbDB5w=
-21,-27,7+gMWNBsNilziK5GW5UNq8fsJ8I=,DNinrqrqb3LHpEFuph+fuhbDB5w=
-20,-24,7+gMWNBsNilziK5GW5UNq8fsJ8I=,DNinrqrqb3LHpEFuph+fuhbDB5w=
-21,-24,7+gMWNBsNilziK5GW5UNq8fsJ8I=,DNinrqrqb3LHpEFuph+fuhbDB5w=
-22,-24,7+gMWNBsNilziK5GW5UNq8fsJ8I=,DNinrqrqb3LHpEFuph+fuhbDB5w=
-23,-24,7+gMWNBsNilziK5GW5UNq8fsJ8I=,DNinrqrqb3LHpEFuph+fuhbDB5w=
-24,-24,7+gMWNBsNilziK5GW5UNq8fsJ8I=,DNinrqrqb3LHpEFuph+fuhbDB5w=
-29,-29,7+gMWNBsNilziK5GW5UNq8fsJ8I=,DNinrqrqb3LHpEFuph+fuhbDB5w=
-32,-32,7+gMWNBsNilziK5GW5UNq8fsJ8I=,DNinrqrqb3LHpEFuph+fuhbDB5w=
-25,-24,7+gMWNBsNilziK5GW5UNq8fsJ8I=,DNinrqrqb3LHpEFuph+fuhbDB5w=
-22,-32,7+gMWNBsNilziK5GW5UNq8fsJ8I=,DNinrqrqb3LHpEFuph+fuhbDB5w=
-26,-24,7+gMWNBsNilziK5GW5UNq8fsJ8I=,DNinrqrqb3LHpEFuph+fuhbDB5w=
-20,-27,7+gMWNBsNilziK5GW5UNq8fsJ8I=,DNinrqrqb3LHpEFuph+fuhbDB5w=
-28,-24,7+gMWNBsNilziK5GW5UNq8fsJ8I=,DNinrqrqb3LHpEFuph+fuhbDB5w=
-29,-24,7+gMWNBsNilziK5GW5UNq8fsJ8I=,DNinrqrqb3LHpEFuph+fuhbDB5w=
-27,-24,7+gMWNBsNilziK5GW5UNq8fsJ8I=,DNinrqrqb3LHpEFuph+fuhbDB5w=
-31,-24,7+gMWNBsNilziK5GW5UNq8fsJ8I=,DNinrqrqb3LHpEFuph+fuhbDB5w=
-25,-31,7+gMWNBsNilziK5GW5UNq8fsJ8I=,DNinrqrqb3LHpEFuph+fuhbDB5w=
-32,-24,7+gMWNBsNilziK5GW5UNq8fsJ8I=,DNinrqrqb3LHpEFuph+fuhbDB5w=
-30,-24,7+gMWNBsNilziK5GW5UNq8fsJ8I=,DNinrqrqb3LHpEFuph+fuhbDB5w=
-19,-27,7+gMWNBsNilziK5GW5UNq8fsJ8I=,DNinrqrqb3LHpEFuph+fuhbDB5w=
-17,-25,7+gMWNBsNilziK5GW5UNq8fsJ8I=,DNinrqrqb3LHpEFuph+fuhbDB5w=
-18,-25,7+gMWNBsNilziK5GW5UNq8fsJ8I=,DNinrqrqb3LHpEFuph+fuhbDB5w=
-18,-27,7+gMWNBsNilziK5GW5UNq8fsJ8I=,DNinrqrqb3LHpEFuph+fuhbDB5w=
-19,-25,7+gMWNBsNilziK5GW5UNq8fsJ8I=,DNinrqrqb3LHpEFuph+fuhbDB5w=
-17,-27,7+gMWNBsNilziK5GW5UNq8fsJ8I=,DNinrqrqb3LHpEFuph+fuhbDB5w=
-32,-26,7+gMWNBsNilziK5GW5UNq8fsJ8I=,DNinrqrqb3LHpEFuph+fuhbDB5w=
-21,-25,7+gMWNBsNilziK5GW5UNq8fsJ8I=,DNinrqrqb3LHpEFuph+fuhbDB5w=
-20,-25,7+gMWNBsNilziK5GW5UNq8fsJ8I=,DNinrqrqb3LHpEFuph+fuhbDB5w=
-23,-25,7+gMWNBsNilziK5GW5UNq8fsJ8I=,DNinrqrqb3LHpEFuph+fuhbDB5w=
-22,-25,7+gMWNBsNilziK5GW5UNq8fsJ8I=,DNinrqrqb3LHpEFuph+fuhbDB5w=
-30,-29,7+gMWNBsNilziK5GW5UNq8fsJ8I=,DNinrqrqb3LHpEFuph+fuhbDB5w=
-27,-31,7+gMWNBsNilziK5GW5UNq8fsJ8I=,DNinrqrqb3LHpEFuph+fuhbDB5w=
-24,-25,7+gMWNBsNilziK5GW5UNq8fsJ8I=,DNinrqrqb3LHpEFuph+fuhbDB5w=
-23,-32,7+gMWNBsNilziK5GW5UNq8fsJ8I=,DNinrqrqb3LHpEFuph+fuhbDB5w=
-25,-25,7+gMWNBsNilziK5GW5UNq8fsJ8I=,DNinrqrqb3LHpEFuph+fuhbDB5w=
-26,-25,7+gMWNBsNilziK5GW5UNq8fsJ8I=,DNinrqrqb3LHpEFuph+fuhbDB5w=
-31,-26,7+gMWNBsNilziK5GW5UNq8fsJ8I=,DNinrqrqb3LHpEFuph+fuhbDB5w=
-30,-26,7+gMWNBsNilziK5GW5UNq8fsJ8I=,DNinrqrqb3LHpEFuph+fuhbDB5w=
-29,-26,7+gMWNBsNilziK5GW5UNq8fsJ8I=,DNinrqrqb3LHpEFuph+fuhbDB5w=
-28,-25,7+gMWNBsNilziK5GW5UNq8fsJ8I=,DNinrqrqb3LHpEFuph+fuhbDB5w=
-29,-25,7+gMWNBsNilziK5GW5UNq8fsJ8I=,DNinrqrqb3LHpEFuph+fuhbDB5w=
-27,-25,7+gMWNBsNilziK5GW5UNq8fsJ8I=,DNinrqrqb3LHpEFuph+fuhbDB5w=
-31,-25,7+gMWNBsNilziK5GW5UNq8fsJ8I=,DNinrqrqb3LHpEFuph+fuhbDB5w=
-28,-26,7+gMWNBsNilziK5GW5UNq8fsJ8I=,DNinrqrqb3LHpEFuph+fuhbDB5w=
-30,-25,7+gMWNBsNilziK5GW5UNq8fsJ8I=,DNinrqrqb3LHpEFuph+fuhbDB5w=
-32,-25,7+gMWNBsNilziK5GW5UNq8fsJ8I=,DNinrqrqb3LHpEFuph+fuhbDB5w=
-26,-31,7+gMWNBsNilziK5GW5UNq8fsJ8I=,DNinrqrqb3LHpEFuph+fuhbDB5w=
-17,-26,7+gMWNBsNilziK5GW5UNq8fsJ8I=,DNinrqrqb3LHpEFuph+fuhbDB5w=
-18,-26,7+gMWNBsNilziK5GW5UNq8fsJ8I=,DNinrqrqb3LHpEFuph+fuhbDB5w=
-27,-26,7+gMWNBsNilziK5GW5UNq8fsJ8I=,DNinrqrqb3LHpEFuph+fuhbDB5w=
-19,-26,7+gMWNBsNilziK5GW5UNq8fsJ8I=,DNinrqrqb3LHpEFuph+fuhbDB5w=
-26,-26,7+gMWNBsNilziK5GW5UNq8fsJ8I=,DNinrqrqb3LHpEFuph+fuhbDB5w=
-25,-26,7+gMWNBsNilziK5GW5UNq8fsJ8I=,DNinrqrqb3LHpEFuph+fuhbDB5w=
-24,-26,7+gMWNBsNilziK5GW5UNq8fsJ8I=,DNinrqrqb3LHpEFuph+fuhbDB5w=
-20,-26,7+gMWNBsNilziK5GW5UNq8fsJ8I=,DNinrqrqb3LHpEFuph+fuhbDB5w=
-21,-26,7+gMWNBsNilziK5GW5UNq8fsJ8I=,DNinrqrqb3LHpEFuph+fuhbDB5w=
-23,-26,7+gMWNBsNilziK5GW5UNq8fsJ8I=,DNinrqrqb3LHpEFuph+fuhbDB5w=
-31,-29,7+gMWNBsNilziK5GW5UNq8fsJ8I=,DNinrqrqb3LHpEFuph+fuhbDB5w=
-22,-26,7+gMWNBsNilziK5GW5UNq8fsJ8I=,DNinrqrqb3LHpEFuph+fuhbDB5w=
-24,-32,7+gMWNBsNilziK5GW5UNq8fsJ8I=,DNinrqrqb3LHpEFuph+fuhbDB5w=
-17,-15,7+gMWNBsNilziK5GW5UNq8fsJ8I=,O9uRqgrHWRhhllSHt4MuLD7YlJM=
-29,-16,7+gMWNBsNilziK5GW5UNq8fsJ8I=,O9uRqgrHWRhhllSHt4MuLD7YlJM=
-19,-14,7+gMWNBsNilziK5GW5UNq8fsJ8I=,O9uRqgrHWRhhllSHt4MuLD7YlJM=
-17,-1,7+gMWNBsNilziK5GW5UNq8fsJ8I=,O9uRqgrHWRhhllSHt4MuLD7YlJM=
-20,-13,LiAJsx1A9YbLNPNhBTYpUrA1Ot4=,O9uRqgrHWRhhllSHt4MuLD7YlJM=
-18,-14,LiAJsx1A9YbLNPNhBTYpUrA1Ot4=,O9uRqgrHWRhhllSHt4MuLD7YlJM=
-21,-14,LiAJsx1A9YbLNPNhBTYpUrA1Ot4=,O9uRqgrHWRhhllSHt4MuLD7YlJM=
-28,-16,LiAJsx1A9YbLNPNhBTYpUrA1Ot4=,O9uRqgrHWRhhllSHt4MuLD7YlJM=
-19,-13,LiAJsx1A9YbLNPNhBTYpUrA1Ot4=,O9uRqgrHWRhhllSHt4MuLD7YlJM=
-22,-14,LiAJsx1A9YbLNPNhBTYpUrA1Ot4=,O9uRqgrHWRhhllSHt4MuLD7YlJM=
-20,-14,LiAJsx1A9YbLNPNhBTYpUrA1Ot4=,O9uRqgrHWRhhllSHt4MuLD7YlJM=
-24,-14,LiAJsx1A9YbLNPNhBTYpUrA1Ot4=,O9uRqgrHWRhhllSHt4MuLD7YlJM=
-23,-14,LiAJsx1A9YbLNPNhBTYpUrA1Ot4=,O9uRqgrHWRhhllSHt4MuLD7YlJM=
-25,-14,LiAJsx1A9YbLNPNhBTYpUrA1Ot4=,O9uRqgrHWRhhllSHt4MuLD7YlJM=
-26,-14,LiAJsx1A9YbLNPNhBTYpUrA1Ot4=,O9uRqgrHWRhhllSHt4MuLD7YlJM=
-18,-13,LiAJsx1A9YbLNPNhBTYpUrA1Ot4=,O9uRqgrHWRhhllSHt4MuLD7YlJM=
-27,-16,LiAJsx1A9YbLNPNhBTYpUrA1Ot4=,O9uRqgrHWRhhllSHt4MuLD7YlJM=
-27,-14,LiAJsx1A9YbLNPNhBTYpUrA1Ot4=,O9uRqgrHWRhhllSHt4MuLD7YlJM=
-28,-14,LiAJsx1A9YbLNPNhBTYpUrA1Ot4=,O9uRqgrHWRhhllSHt4MuLD7YlJM=
-29,-14,LiAJsx1A9YbLNPNhBTYpUrA1Ot4=,O9uRqgrHWRhhllSHt4MuLD7YlJM=
-30,-14,LiAJsx1A9YbLNPNhBTYpUrA1Ot4=,O9uRqgrHWRhhllSHt4MuLD7YlJM=
-30,-15,LiAJsx1A9YbLNPNhBTYpUrA1Ot4=,O9uRqgrHWRhhllSHt4MuLD7YlJM=
-31,-14,LiAJsx1A9YbLNPNhBTYpUrA1Ot4=,O9uRqgrHWRhhllSHt4MuLD7YlJM=
-18,-1,LiAJsx1A9YbLNPNhBTYpUrA1Ot4=,O9uRqgrHWRhhllSHt4MuLD7YlJM=
-32,-14,LiAJsx1A9YbLNPNhBTYpUrA1Ot4=,O9uRqgrHWRhhllSHt4MuLD7YlJM=
-19,-1,LiAJsx1A9YbLNPNhBTYpUrA1Ot4=,O9uRqgrHWRhhllSHt4MuLD7YlJM=
-21,-13,LiAJsx1A9YbLNPNhBTYpUrA1Ot4=,O9uRqgrHWRhhllSHt4MuLD7YlJM=
-17,-13,LiAJsx1A9YbLNPNhBTYpUrA1Ot4=,O9uRqgrHWRhhllSHt4MuLD7YlJM=
-32,-12,LiAJsx1A9YbLNPNhBTYpUrA1Ot4=,O9uRqgrHWRhhllSHt4MuLD7YlJM=
-21,-1,LiAJsx1A9YbLNPNhBTYpUrA1Ot4=,O9uRqgrHWRhhllSHt4MuLD7YlJM=
-22,-1,LiAJsx1A9YbLNPNhBTYpUrA1Ot4=,O9uRqgrHWRhhllSHt4MuLD7YlJM=
-23,-1,LiAJsx1A9YbLNPNhBTYpUrA1Ot4=,O9uRqgrHWRhhllSHt4MuLD7YlJM=
-31,-12,LiAJsx1A9YbLNPNhBTYpUrA1Ot4=,O9uRqgrHWRhhllSHt4MuLD7YlJM=
-20,-1,LiAJsx1A9YbLNPNhBTYpUrA1Ot4=,O9uRqgrHWRhhllSHt4MuLD7YlJM=
-24,-1,LiAJsx1A9YbLNPNhBTYpUrA1Ot4=,O9uRqgrHWRhhllSHt4MuLD7YlJM=
-30,-12,LiAJsx1A9YbLNPNhBTYpUrA1Ot4=,O9uRqgrHWRhhllSHt4MuLD7YlJM=
-25,-1,LiAJsx1A9YbLNPNhBTYpUrA1Ot4=,O9uRqgrHWRhhllSHt4MuLD7YlJM=
-26,-1,LiAJsx1A9YbLNPNhBTYpUrA1Ot4=,O9uRqgrHWRhhllSHt4MuLD7YlJM=
-29,-12,LiAJsx1A9YbLNPNhBTYpUrA1Ot4=,O9uRqgrHWRhhllSHt4MuLD7YlJM=
-27,-1,LiAJsx1A9YbLNPNhBTYpUrA1Ot4=,O9uRqgrHWRhhllSHt4MuLD7YlJM=
-29,-1,LiAJsx1A9YbLNPNhBTYpUrA1Ot4=,O9uRqgrHWRhhllSHt4MuLD7YlJM=
-30,-1,LiAJsx1A9YbLNPNhBTYpUrA1Ot4=,O9uRqgrHWRhhllSHt4MuLD7YlJM=
-28,-1,LiAJsx1A9YbLNPNhBTYpUrA1Ot4=,O9uRqgrHWRhhllSHt4MuLD7YlJM=
-28,-12,LiAJsx1A9YbLNPNhBTYpUrA1Ot4=,O9uRqgrHWRhhllSHt4MuLD7YlJM=
-31,-1,LiAJsx1A9YbLNPNhBTYpUrA1Ot4=,O9uRqgrHWRhhllSHt4MuLD7YlJM=
-22,-13,LiAJsx1A9YbLNPNhBTYpUrA1Ot4=,O9uRqgrHWRhhllSHt4MuLD7YlJM=
-32,-1,LiAJsx1A9YbLNPNhBTYpUrA1Ot4=,O9uRqgrHWRhhllSHt4MuLD7YlJM=
-30,-16,LiAJsx1A9YbLNPNhBTYpUrA1Ot4=,O9uRqgrHWRhhllSHt4MuLD7YlJM=
-18,-15,LiAJsx1A9YbLNPNhBTYpUrA1Ot4=,O9uRqgrHWRhhllSHt4MuLD7YlJM=
-27,-12,LiAJsx1A9YbLNPNhBTYpUrA1Ot4=,O9uRqgrHWRhhllSHt4MuLD7YlJM=
-18,-2,LiAJsx1A9YbLNPNhBTYpUrA1Ot4=,O9uRqgrHWRhhllSHt4MuLD7YlJM=
-19,-2,LiAJsx1A9YbLNPNhBTYpUrA1Ot4=,O9uRqgrHWRhhllSHt4MuLD7YlJM=
-26,-12,LiAJsx1A9YbLNPNhBTYpUrA1Ot4=,O9uRqgrHWRhhllSHt4MuLD7YlJM=
-25,-12,LiAJsx1A9YbLNPNhBTYpUrA1Ot4=,O9uRqgrHWRhhllSHt4MuLD7YlJM=
-24,-12,LiAJsx1A9YbLNPNhBTYpUrA1Ot4=,O9uRqgrHWRhhllSHt4MuLD7YlJM=
-23,-12,LiAJsx1A9YbLNPNhBTYpUrA1Ot4=,O9uRqgrHWRhhllSHt4MuLD7YlJM=
-22,-12,LiAJsx1A9YbLNPNhBTYpUrA1Ot4=,O9uRqgrHWRhhllSHt4MuLD7YlJM=
-17,-2,LiAJsx1A9YbLNPNhBTYpUrA1Ot4=,O9uRqgrHWRhhllSHt4MuLD7YlJM=
-21,-12,LiAJsx1A9YbLNPNhBTYpUrA1Ot4=,O9uRqgrHWRhhllSHt4MuLD7YlJM=
-21,-2,LiAJsx1A9YbLNPNhBTYpUrA1Ot4=,O9uRqgrHWRhhllSHt4MuLD7YlJM=
-22,-2,LiAJsx1A9YbLNPNhBTYpUrA1Ot4=,O9uRqgrHWRhhllSHt4MuLD7YlJM=
-23,-2,LiAJsx1A9YbLNPNhBTYpUrA1Ot4=,O9uRqgrHWRhhllSHt4MuLD7YlJM=
-24,-2,LiAJsx1A9YbLNPNhBTYpUrA1Ot4=,O9uRqgrHWRhhllSHt4MuLD7YlJM=
-25,-2,LiAJsx1A9YbLNPNhBTYpUrA1Ot4=,O9uRqgrHWRhhllSHt4MuLD7YlJM=
-26,-2,LiAJsx1A9YbLNPNhBTYpUrA1Ot4=,O9uRqgrHWRhhllSHt4MuLD7YlJM=
-20,-2,LiAJsx1A9YbLNPNhBTYpUrA1Ot4=,O9uRqgrHWRhhllSHt4MuLD7YlJM=
-17,-14,LiAJsx1A9YbLNPNhBTYpUrA1Ot4=,O9uRqgrHWRhhllSHt4MuLD7YlJM=
-27,-2,LiAJsx1A9YbLNPNhBTYpUrA1Ot4=,O9uRqgrHWRhhllSHt4MuLD7YlJM=
-29,-2,LiAJsx1A9YbLNPNhBTYpUrA1Ot4=,O9uRqgrHWRhhllSHt4MuLD7YlJM=
-30,-2,LiAJsx1A9YbLNPNhBTYpUrA1Ot4=,O9uRqgrHWRhhllSHt4MuLD7YlJM=
-28,-2,LiAJsx1A9YbLNPNhBTYpUrA1Ot4=,O9uRqgrHWRhhllSHt4MuLD7YlJM=
-23,-13,LiAJsx1A9YbLNPNhBTYpUrA1Ot4=,O9uRqgrHWRhhllSHt4MuLD7YlJM=
-31,-2,LiAJsx1A9YbLNPNhBTYpUrA1Ot4=,O9uRqgrHWRhhllSHt4MuLD7YlJM=
-26,-16,LiAJsx1A9YbLNPNhBTYpUrA1Ot4=,O9uRqgrHWRhhllSHt4MuLD7YlJM=
-31,-15,LiAJsx1A9YbLNPNhBTYpUrA1Ot4=,O9uRqgrHWRhhllSHt4MuLD7YlJM=
-32,-15,LiAJsx1A9YbLNPNhBTYpUrA1Ot4=,O9uRqgrHWRhhllSHt4MuLD7YlJM=
-31,-16,LiAJsx1A9YbLNPNhBTYpUrA1Ot4=,O9uRqgrHWRhhllSHt4MuLD7YlJM=
-32,-2,LiAJsx1A9YbLNPNhBTYpUrA1Ot4=,O9uRqgrHWRhhllSHt4MuLD7YlJM=
-20,-12,LiAJsx1A9YbLNPNhBTYpUrA1Ot4=,O9uRqgrHWRhhllSHt4MuLD7YlJM=
-19,-12,LiAJsx1A9YbLNPNhBTYpUrA1Ot4=,O9uRqgrHWRhhllSHt4MuLD7YlJM=
-18,-3,LiAJsx1A9YbLNPNhBTYpUrA1Ot4=,O9uRqgrHWRhhllSHt4MuLD7YlJM=
-19,-3,LiAJsx1A9YbLNPNhBTYpUrA1Ot4=,O9uRqgrHWRhhllSHt4MuLD7YlJM=
-18,-12,LiAJsx1A9YbLNPNhBTYpUrA1Ot4=,O9uRqgrHWRhhllSHt4MuLD7YlJM=
-17,-3,LiAJsx1A9YbLNPNhBTYpUrA1Ot4=,O9uRqgrHWRhhllSHt4MuLD7YlJM=
-21,-3,LiAJsx1A9YbLNPNhBTYpUrA1Ot4=,O9uRqgrHWRhhllSHt4MuLD7YlJM=
-22,-3,LiAJsx1A9YbLNPNhBTYpUrA1Ot4=,O9uRqgrHWRhhllSHt4MuLD7YlJM=
-23,-3,LiAJsx1A9YbLNPNhBTYpUrA1Ot4=,O9uRqgrHWRhhllSHt4MuLD7YlJM=
-24,-3,LiAJsx1A9YbLNPNhBTYpUrA1Ot4=,O9uRqgrHWRhhllSHt4MuLD7YlJM=
-25,-3,LiAJsx1A9YbLNPNhBTYpUrA1Ot4=,O9uRqgrHWRhhllSHt4MuLD7YlJM=
-17,-12,LiAJsx1A9YbLNPNhBTYpUrA1Ot4=,O9uRqgrHWRhhllSHt4MuLD7YlJM=
-20,-3,LiAJsx1A9YbLNPNhBTYpUrA1Ot4=,O9uRqgrHWRhhllSHt4MuLD7YlJM=
-26,-3,LiAJsx1A9YbLNPNhBTYpUrA1Ot4=,O9uRqgrHWRhhllSHt4MuLD7YlJM=
-29,-15,LiAJsx1A9YbLNPNhBTYpUrA1Ot4=,O9uRqgrHWRhhllSHt4MuLD7YlJM=
-27,-3,LiAJsx1A9YbLNPNhBTYpUrA1Ot4=,O9uRqgrHWRhhllSHt4MuLD7YlJM=
-29,-3,LiAJsx1A9YbLNPNhBTYpUrA1Ot4=,O9uRqgrHWRhhllSHt4MuLD7YlJM=
-32,-11,LiAJsx1A9YbLNPNhBTYpUrA1Ot4=,O9uRqgrHWRhhllSHt4MuLD7YlJM=
-28,-3,LiAJsx1A9YbLNPNhBTYpUrA1Ot4=,O9uRqgrHWRhhllSHt4MuLD7YlJM=
-19,-15,LiAJsx1A9YbLNPNhBTYpUrA1Ot4=,O9uRqgrHWRhhllSHt4MuLD7YlJM=
-24,-13,LiAJsx1A9YbLNPNhBTYpUrA1Ot4=,O9uRqgrHWRhhllSHt4MuLD7YlJM=
-30,-3,LiAJsx1A9YbLNPNhBTYpUrA1Ot4=,O9uRqgrHWRhhllSHt4MuLD7YlJM=
-31,-3,LiAJsx1A9YbLNPNhBTYpUrA1Ot4=,O9uRqgrHWRhhllSHt4MuLD7YlJM=
-32,-3,LiAJsx1A9YbLNPNhBTYpUrA1Ot4=,O9uRqgrHWRhhllSHt4MuLD7YlJM=
-31,-11,LiAJsx1A9YbLNPNhBTYpUrA1Ot4=,O9uRqgrHWRhhllSHt4MuLD7YlJM=
-17,-16,LiAJsx1A9YbLNPNhBTYpUrA1Ot4=,O9uRqgrHWRhhllSHt4MuLD7YlJM=
-20,-15,LiAJsx1A9YbLNPNhBTYpUrA1Ot4=,O9uRqgrHWRhhllSHt4MuLD7YlJM=
-30,-11,LiAJsx1A9YbLNPNhBTYpUrA1Ot4=,O9uRqgrHWRhhllSHt4MuLD7YlJM=
-18,-4,LiAJsx1A9YbLNPNhBTYpUrA1Ot4=,O9uRqgrHWRhhllSHt4MuLD7YlJM=
-29,-11,LiAJsx1A9YbLNPNhBTYpUrA1Ot4=,O9uRqgrHWRhhllSHt4MuLD7YlJM=
-17,-4,LiAJsx1A9YbLNPNhBTYpUrA1Ot4=,O9uRqgrHWRhhllSHt4MuLD7YlJM=
-19,-4,LiAJsx1A9YbLNPNhBTYpUrA1Ot4=,O9uRqgrHWRhhllSHt4MuLD7YlJM=
-28,-11,LiAJsx1A9YbLNPNhBTYpUrA1Ot4=,O9uRqgrHWRhhllSHt4MuLD7YlJM=
-20,-4,LiAJsx1A9YbLNPNhBTYpUrA1Ot4=,O9uRqgrHWRhhllSHt4MuLD7YlJM=
-21,-4,LiAJsx1A9YbLNPNhBTYpUrA1Ot4=,O9uRqgrHWRhhllSHt4MuLD7YlJM=
-22,-4,LiAJsx1A9YbLNPNhBTYpUrA1Ot4=,O9uRqgrHWRhhllSHt4MuLD7YlJM=
-27,-11,LiAJsx1A9YbLNPNhBTYpUrA1Ot4=,O9uRqgrHWRhhllSHt4MuLD7YlJM=
-23,-4,LiAJsx1A9YbLNPNhBTYpUrA1Ot4=,O9uRqgrHWRhhllSHt4MuLD7YlJM=
-24,-4,LiAJsx1A9YbLNPNhBTYpUrA1Ot4=,O9uRqgrHWRhhllSHt4MuLD7YlJM=
-25,-4,LiAJsx1A9YbLNPNhBTYpUrA1Ot4=,O9uRqgrHWRhhllSHt4MuLD7YlJM=
-27,-4,LiAJsx1A9YbLNPNhBTYpUrA1Ot4=,O9uRqgrHWRhhllSHt4MuLD7YlJM=
-26,-4,LiAJsx1A9YbLNPNhBTYpUrA1Ot4=,O9uRqgrHWRhhllSHt4MuLD7YlJM=
-18,-16,LiAJsx1A9YbLNPNhBTYpUrA1Ot4=,O9uRqgrHWRhhllSHt4MuLD7YlJM=
-25,-13,LiAJsx1A9YbLNPNhBTYpUrA1Ot4=,O9uRqgrHWRhhllSHt4MuLD7YlJM=
-28,-4,LiAJsx1A9YbLNPNhBTYpUrA1Ot4=,O9uRqgrHWRhhllSHt4MuLD7YlJM=
-29,-4,LiAJsx1A9YbLNPNhBTYpUrA1Ot4=,O9uRqgrHWRhhllSHt4MuLD7YlJM=
-30,-4,LiAJsx1A9YbLNPNhBTYpUrA1Ot4=,O9uRqgrHWRhhllSHt4MuLD7YlJM=
-31,-4,LiAJsx1A9YbLNPNhBTYpUrA1Ot4=,O9uRqgrHWRhhllSHt4MuLD7YlJM=
-32,-4,LiAJsx1A9YbLNPNhBTYpUrA1Ot4=,O9uRqgrHWRhhllSHt4MuLD7YlJM=
-21,-15,LiAJsx1A9YbLNPNhBTYpUrA1Ot4=,O9uRqgrHWRhhllSHt4MuLD7YlJM=
-17,-5,LiAJsx1A9YbLNPNhBTYpUrA1Ot4=,O9uRqgrHWRhhllSHt4MuLD7YlJM=
-18,-5,LiAJsx1A9YbLNPNhBTYpUrA1Ot4=,O9uRqgrHWRhhllSHt4MuLD7YlJM=
-19,-5,LiAJsx1A9YbLNPNhBTYpUrA1Ot4=,O9uRqgrHWRhhllSHt4MuLD7YlJM=
-20,-5,LiAJsx1A9YbLNPNhBTYpUrA1Ot4=,O9uRqgrHWRhhllSHt4MuLD7YlJM=
-21,-5,LiAJsx1A9YbLNPNhBTYpUrA1Ot4=,O9uRqgrHWRhhllSHt4MuLD7YlJM=
-22,-5,LiAJsx1A9YbLNPNhBTYpUrA1Ot4=,O9uRqgrHWRhhllSHt4MuLD7YlJM=
-23,-5,LiAJsx1A9YbLNPNhBTYpUrA1Ot4=,O9uRqgrHWRhhllSHt4MuLD7YlJM=
-24,-5,LiAJsx1A9YbLNPNhBTYpUrA1Ot4=,O9uRqgrHWRhhllSHt4MuLD7YlJM=
-26,-5,LiAJsx1A9YbLNPNhBTYpUrA1Ot4=,O9uRqgrHWRhhllSHt4MuLD7YlJM=
-25,-5,LiAJsx1A9YbLNPNhBTYpUrA1Ot4=,O9uRqgrHWRhhllSHt4MuLD7YlJM=
-27,-5,LiAJsx1A9YbLNPNhBTYpUrA1Ot4=,O9uRqgrHWRhhllSHt4MuLD7YlJM=
-26,-13,LiAJsx1A9YbLNPNhBTYpUrA1Ot4=,O9uRqgrHWRhhllSHt4MuLD7YlJM=
-19,-16,LiAJsx1A9YbLNPNhBTYpUrA1Ot4=,O9uRqgrHWRhhllSHt4MuLD7YlJM=
-28,-5,LiAJsx1A9YbLNPNhBTYpUrA1Ot4=,O9uRqgrHWRhhllSHt4MuLD7YlJM=
-29,-5,LiAJsx1A9YbLNPNhBTYpUrA1Ot4=,O9uRqgrHWRhhllSHt4MuLD7YlJM=
-30,-5,LiAJsx1A9YbLNPNhBTYpUrA1Ot4=,O9uRqgrHWRhhllSHt4MuLD7YlJM=
-22,-15,LiAJsx1A9YbLNPNhBTYpUrA1Ot4=,O9uRqgrHWRhhllSHt4MuLD7YlJM=
-31,-5,LiAJsx1A9YbLNPNhBTYpUrA1Ot4=,O9uRqgrHWRhhllSHt4MuLD7YlJM=
-17,-6,LiAJsx1A9YbLNPNhBTYpUrA1Ot4=,O9uRqgrHWRhhllSHt4MuLD7YlJM=
-32,-5,LiAJsx1A9YbLNPNhBTYpUrA1Ot4=,O9uRqgrHWRhhllSHt4MuLD7YlJM=
-18,-6,LiAJsx1A9YbLNPNhBTYpUrA1Ot4=,O9uRqgrHWRhhllSHt4MuLD7YlJM=
-19,-6,LiAJsx1A9YbLNPNhBTYpUrA1Ot4=,O9uRqgrHWRhhllSHt4MuLD7YlJM=
-20,-6,LiAJsx1A9YbLNPNhBTYpUrA1Ot4=,O9uRqgrHWRhhllSHt4MuLD7YlJM=
-21,-6,LiAJsx1A9YbLNPNhBTYpUrA1Ot4=,O9uRqgrHWRhhllSHt4MuLD7YlJM=
-22,-6,LiAJsx1A9YbLNPNhBTYpUrA1Ot4=,O9uRqgrHWRhhllSHt4MuLD7YlJM=
-23,-6,LiAJsx1A9YbLNPNhBTYpUrA1Ot4=,O9uRqgrHWRhhllSHt4MuLD7YlJM=
-24,-6,LiAJsx1A9YbLNPNhBTYpUrA1Ot4=,O9uRqgrHWRhhllSHt4MuLD7YlJM=
-25,-6,LiAJsx1A9YbLNPNhBTYpUrA1Ot4=,O9uRqgrHWRhhllSHt4MuLD7YlJM=
-26,-6,LiAJsx1A9YbLNPNhBTYpUrA1Ot4=,O9uRqgrHWRhhllSHt4MuLD7YlJM=
-20,-16,LiAJsx1A9YbLNPNhBTYpUrA1Ot4=,O9uRqgrHWRhhllSHt4MuLD7YlJM=
-27,-13,LiAJsx1A9YbLNPNhBTYpUrA1Ot4=,O9uRqgrHWRhhllSHt4MuLD7YlJM=
-27,-6,LiAJsx1A9YbLNPNhBTYpUrA1Ot4=,O9uRqgrHWRhhllSHt4MuLD7YlJM=
-28,-6,LiAJsx1A9YbLNPNhBTYpUrA1Ot4=,O9uRqgrHWRhhllSHt4MuLD7YlJM=
-29,-6,LiAJsx1A9YbLNPNhBTYpUrA1Ot4=,O9uRqgrHWRhhllSHt4MuLD7YlJM=
-30,-6,LiAJsx1A9YbLNPNhBTYpUrA1Ot4=,O9uRqgrHWRhhllSHt4MuLD7YlJM=
-31,-6,LiAJsx1A9YbLNPNhBTYpUrA1Ot4=,O9uRqgrHWRhhllSHt4MuLD7YlJM=
-23,-15,LiAJsx1A9YbLNPNhBTYpUrA1Ot4=,O9uRqgrHWRhhllSHt4MuLD7YlJM=
-32,-6,LiAJsx1A9YbLNPNhBTYpUrA1Ot4=,O9uRqgrHWRhhllSHt4MuLD7YlJM=
-18,-7,LiAJsx1A9YbLNPNhBTYpUrA1Ot4=,O9uRqgrHWRhhllSHt4MuLD7YlJM=
-26,-11,LiAJsx1A9YbLNPNhBTYpUrA1Ot4=,O9uRqgrHWRhhllSHt4MuLD7YlJM=
-17,-7,LiAJsx1A9YbLNPNhBTYpUrA1Ot4=,O9uRqgrHWRhhllSHt4MuLD7YlJM=
-19,-7,LiAJsx1A9YbLNPNhBTYpUrA1Ot4=,O9uRqgrHWRhhllSHt4MuLD7YlJM=
-25,-11,LiAJsx1A9YbLNPNhBTYpUrA1Ot4=,O9uRqgrHWRhhllSHt4MuLD7YlJM=
-21,-7,LiAJsx1A9YbLNPNhBTYpUrA1Ot4=,O9uRqgrHWRhhllSHt4MuLD7YlJM=
-22,-7,LiAJsx1A9YbLNPNhBTYpUrA1Ot4=,O9uRqgrHWRhhllSHt4MuLD7YlJM=
-23,-7,LiAJsx1A9YbLNPNhBTYpUrA1Ot4=,O9uRqgrHWRhhllSHt4MuLD7YlJM=
-24,-7,LiAJsx1A9YbLNPNhBTYpUrA1Ot4=,O9uRqgrHWRhhllSHt4MuLD7YlJM=
-25,-7,LiAJsx1A9YbLNPNhBTYpUrA1Ot4=,O9uRqgrHWRhhllSHt4MuLD7YlJM=
-24,-11,LiAJsx1A9YbLNPNhBTYpUrA1Ot4=,O9uRqgrHWRhhllSHt4MuLD7YlJM=
-20,-7,LiAJsx1A9YbLNPNhBTYpUrA1Ot4=,O9uRqgrHWRhhllSHt4MuLD7YlJM=
-21,-16,LiAJsx1A9YbLNPNhBTYpUrA1Ot4=,O9uRqgrHWRhhllSHt4MuLD7YlJM=
-23,-11,LiAJsx1A9YbLNPNhBTYpUrA1Ot4=,O9uRqgrHWRhhllSHt4MuLD7YlJM=
-28,-13,LiAJsx1A9YbLNPNhBTYpUrA1Ot4=,O9uRqgrHWRhhllSHt4MuLD7YlJM=
-26,-7,LiAJsx1A9YbLNPNhBTYpUrA1Ot4=,O9uRqgrHWRhhllSHt4MuLD7YlJM=
-22,-11,LiAJsx1A9YbLNPNhBTYpUrA1Ot4=,O9uRqgrHWRhhllSHt4MuLD7YlJM=
-27,-7,LiAJsx1A9YbLNPNhBTYpUrA1Ot4=,O9uRqgrHWRhhllSHt4MuLD7YlJM=
-29,-7,LiAJsx1A9YbLNPNhBTYpUrA1Ot4=,O9uRqgrHWRhhllSHt4MuLD7YlJM=
-30,-7,LiAJsx1A9YbLNPNhBTYpUrA1Ot4=,O9uRqgrHWRhhllSHt4MuLD7YlJM=
-31,-7,LiAJsx1A9YbLNPNhBTYpUrA1Ot4=,O9uRqgrHWRhhllSHt4MuLD7YlJM=
-32,-7,LiAJsx1A9YbLNPNhBTYpUrA1Ot4=,O9uRqgrHWRhhllSHt4MuLD7YlJM=
-28,-7,LiAJsx1A9YbLNPNhBTYpUrA1Ot4=,O9uRqgrHWRhhllSHt4MuLD7YlJM=
-24,-15,LiAJsx1A9YbLNPNhBTYpUrA1Ot4=,O9uRqgrHWRhhllSHt4MuLD7YlJM=
-18,-8,LiAJsx1A9YbLNPNhBTYpUrA1Ot4=,O9uRqgrHWRhhllSHt4MuLD7YlJM=
-19,-8,LiAJsx1A9YbLNPNhBTYpUrA1Ot4=,O9uRqgrHWRhhllSHt4MuLD7YlJM=
-28,-15,LiAJsx1A9YbLNPNhBTYpUrA1Ot4=,O9uRqgrHWRhhllSHt4MuLD7YlJM=
-32,-13,LiAJsx1A9YbLNPNhBTYpUrA1Ot4=,O9uRqgrHWRhhllSHt4MuLD7YlJM=
-17,-8,LiAJsx1A9YbLNPNhBTYpUrA1Ot4=,O9uRqgrHWRhhllSHt4MuLD7YlJM=
-20,-8,LiAJsx1A9YbLNPNhBTYpUrA1Ot4=,O9uRqgrHWRhhllSHt4MuLD7YlJM=
-22,-8,LiAJsx1A9YbLNPNhBTYpUrA1Ot4=,O9uRqgrHWRhhllSHt4MuLD7YlJM=
-23,-8,LiAJsx1A9YbLNPNhBTYpUrA1Ot4=,O9uRqgrHWRhhllSHt4MuLD7YlJM=
-24,-8,LiAJsx1A9YbLNPNhBTYpUrA1Ot4=,O9uRqgrHWRhhllSHt4MuLD7YlJM=
-25,-16,LiAJsx1A9YbLNPNhBTYpUrA1Ot4=,O9uRqgrHWRhhllSHt4MuLD7YlJM=
-21,-8,LiAJsx1A9YbLNPNhBTYpUrA1Ot4=,O9uRqgrHWRhhllSHt4MuLD7YlJM=
-29,-13,LiAJsx1A9YbLNPNhBTYpUrA1Ot4=,O9uRqgrHWRhhllSHt4MuLD7YlJM=
-25,-8,LiAJsx1A9YbLNPNhBTYpUrA1Ot4=,O9uRqgrHWRhhllSHt4MuLD7YlJM=
-22,-16,LiAJsx1A9YbLNPNhBTYpUrA1Ot4=,O9uRqgrHWRhhllSHt4MuLD7YlJM=
-21,-11,LiAJsx1A9YbLNPNhBTYpUrA1Ot4=,O9uRqgrHWRhhllSHt4MuLD7YlJM=
-26,-8,LiAJsx1A9YbLNPNhBTYpUrA1Ot4=,O9uRqgrHWRhhllSHt4MuLD7YlJM=
-27,-8,LiAJsx1A9YbLNPNhBTYpUrA1Ot4=,O9uRqgrHWRhhllSHt4MuLD7YlJM=
-28,-8,LiAJsx1A9YbLNPNhBTYpUrA1Ot4=,O9uRqgrHWRhhllSHt4MuLD7YlJM=
-29,-8,LiAJsx1A9YbLNPNhBTYpUrA1Ot4=,O9uRqgrHWRhhllSHt4MuLD7YlJM=
-30,-8,LiAJsx1A9YbLNPNhBTYpUrA1Ot4=,O9uRqgrHWRhhllSHt4MuLD7YlJM=
-31,-8,LiAJsx1A9YbLNPNhBTYpUrA1Ot4=,O9uRqgrHWRhhllSHt4MuLD7YlJM=
-32,-8,LiAJsx1A9YbLNPNhBTYpUrA1Ot4=,O9uRqgrHWRhhllSHt4MuLD7YlJM=
-32,-16,LiAJsx1A9YbLNPNhBTYpUrA1Ot4=,O9uRqgrHWRhhllSHt4MuLD7YlJM=
-25,-15,LiAJsx1A9YbLNPNhBTYpUrA1Ot4=,O9uRqgrHWRhhllSHt4MuLD7YlJM=
-18,-9,LiAJsx1A9YbLNPNhBTYpUrA1Ot4=,O9uRqgrHWRhhllSHt4MuLD7YlJM=
-17,-9,LiAJsx1A9YbLNPNhBTYpUrA1Ot4=,O9uRqgrHWRhhllSHt4MuLD7YlJM=
-20,-11,LiAJsx1A9YbLNPNhBTYpUrA1Ot4=,O9uRqgrHWRhhllSHt4MuLD7YlJM=
-19,-9,LiAJsx1A9YbLNPNhBTYpUrA1Ot4=,O9uRqgrHWRhhllSHt4MuLD7YlJM=
-19,-11,LiAJsx1A9YbLNPNhBTYpUrA1Ot4=,O9uRqgrHWRhhllSHt4MuLD7YlJM=
-20,-9,LiAJsx1A9YbLNPNhBTYpUrA1Ot4=,O9uRqgrHWRhhllSHt4MuLD7YlJM=
-21,-9,LiAJsx1A9YbLNPNhBTYpUrA1Ot4=,O9uRqgrHWRhhllSHt4MuLD7YlJM=
-22,-9,LiAJsx1A9YbLNPNhBTYpUrA1Ot4=,O9uRqgrHWRhhllSHt4MuLD7YlJM=
-18,-11,LiAJsx1A9YbLNPNhBTYpUrA1Ot4=,O9uRqgrHWRhhllSHt4MuLD7YlJM=
-23,-9,LiAJsx1A9YbLNPNhBTYpUrA1Ot4=,O9uRqgrHWRhhllSHt4MuLD7YlJM=
-30,-13,LiAJsx1A9YbLNPNhBTYpUrA1Ot4=,O9uRqgrHWRhhllSHt4MuLD7YlJM=
-23,-16,LiAJsx1A9YbLNPNhBTYpUrA1Ot4=,O9uRqgrHWRhhllSHt4MuLD7YlJM=
-17,-11,LiAJsx1A9YbLNPNhBTYpUrA1Ot4=,O9uRqgrHWRhhllSHt4MuLD7YlJM=
-24,-9,LiAJsx1A9YbLNPNhBTYpUrA1Ot4=,O9uRqgrHWRhhllSHt4MuLD7YlJM=
-25,-9,LiAJsx1A9YbLNPNhBTYpUrA1Ot4=,O9uRqgrHWRhhllSHt4MuLD7YlJM=
-27,-15,LiAJsx1A9YbLNPNhBTYpUrA1Ot4=,O9uRqgrHWRhhllSHt4MuLD7YlJM=
-27,-9,LiAJsx1A9YbLNPNhBTYpUrA1Ot4=,O9uRqgrHWRhhllSHt4MuLD7YlJM=
-26,-9,LiAJsx1A9YbLNPNhBTYpUrA1Ot4=,O9uRqgrHWRhhllSHt4MuLD7YlJM=
-32,-10,LiAJsx1A9YbLNPNhBTYpUrA1Ot4=,O9uRqgrHWRhhllSHt4MuLD7YlJM=
-29,-9,LiAJsx1A9YbLNPNhBTYpUrA1Ot4=,O9uRqgrHWRhhllSHt4MuLD7YlJM=
-28,-9,LiAJsx1A9YbLNPNhBTYpUrA1Ot4=,O9uRqgrHWRhhllSHt4MuLD7YlJM=
-30,-9,LiAJsx1A9YbLNPNhBTYpUrA1Ot4=,O9uRqgrHWRhhllSHt4MuLD7YlJM=
-31,-10,LiAJsx1A9YbLNPNhBTYpUrA1Ot4=,O9uRqgrHWRhhllSHt4MuLD7YlJM=
-31,-9,LiAJsx1A9YbLNPNhBTYpUrA1Ot4=,O9uRqgrHWRhhllSHt4MuLD7YlJM=
-32,-9,LiAJsx1A9YbLNPNhBTYpUrA1Ot4=,O9uRqgrHWRhhllSHt4MuLD7YlJM=
-26,-15,LiAJsx1A9YbLNPNhBTYpUrA1Ot4=,O9uRqgrHWRhhllSHt4MuLD7YlJM=
-30,-10,LiAJsx1A9YbLNPNhBTYpUrA1Ot4=,O9uRqgrHWRhhllSHt4MuLD7YlJM=
-17,-10,LiAJsx1A9YbLNPNhBTYpUrA1Ot4=,O9uRqgrHWRhhllSHt4MuLD7YlJM=
-18,-10,LiAJsx1A9YbLNPNhBTYpUrA1Ot4=,O9uRqgrHWRhhllSHt4MuLD7YlJM=
-29,-10,LiAJsx1A9YbLNPNhBTYpUrA1Ot4=,O9uRqgrHWRhhllSHt4MuLD7YlJM=
-19,-10,LiAJsx1A9YbLNPNhBTYpUrA1Ot4=,O9uRqgrHWRhhllSHt4MuLD7YlJM=
-20,-10,LiAJsx1A9YbLNPNhBTYpUrA1Ot4=,O9uRqgrHWRhhllSHt4MuLD7YlJM=
-28,-10,LiAJsx1A9YbLNPNhBTYpUrA1Ot4=,O9uRqgrHWRhhllSHt4MuLD7YlJM=
-21,-10,LiAJsx1A9YbLNPNhBTYpUrA1Ot4=,O9uRqgrHWRhhllSHt4MuLD7YlJM=
-27,-10,LiAJsx1A9YbLNPNhBTYpUrA1Ot4=,O9uRqgrHWRhhllSHt4MuLD7YlJM=
-22,-10,LiAJsx1A9YbLNPNhBTYpUrA1Ot4=,O9uRqgrHWRhhllSHt4MuLD7YlJM=
-31,-13,LiAJsx1A9YbLNPNhBTYpUrA1Ot4=,O9uRqgrHWRhhllSHt4MuLD7YlJM=
-26,-10,LiAJsx1A9YbLNPNhBTYpUrA1Ot4=,O9uRqgrHWRhhllSHt4MuLD7YlJM=
-24,-16,LiAJsx1A9YbLNPNhBTYpUrA1Ot4=,O9uRqgrHWRhhllSHt4MuLD7YlJM=
-23,-10,LiAJsx1A9YbLNPNhBTYpUrA1Ot4=,O9uRqgrHWRhhllSHt4MuLD7YlJM=
-24,-10,LiAJsx1A9YbLNPNhBTYpUrA1Ot4=,O9uRqgrHWRhhllSHt4MuLD7YlJM=
-25,-10,LiAJsx1A9YbLNPNhBTYpUrA1Ot4=,O9uRqgrHWRhhllSHt4MuLD7YlJM=
