25,-48,WXOSlu8QP0j6oMlad9C1ckHS+3c=,zhgQfyZMiOoO+aYNiOiQ0I5iPrM=
27,-43,WXOSlu8QP0j6oMlad9C1ckHS+3c=,zhgQfyZMiOoO+aYNiOiQ0I5iPrM=
20,-43,WXOSlu8QP0j6oMlad9C1ckHS+3c=,mVbdtgAAcxs3Ms5rEy4jKsTN4JE=
21,-43,WXOSlu8QP0j6oMlad9C1ckHS+3c=,mVbdtgAAcxs3Ms5rEy4jKsTN4JE=
22,-43,WXOSlu8QP0j6oMlad9C1ckHS+3c=,mVbdtgAAcxs3Ms5rEy4jKsTN4JE=
22,-45,WXOSlu8QP0j6oMlad9C1ckHS+3c=,mVbdtgAAcxs3Ms5rEy4jKsTN4JE=
16,-48,WXOSlu8QP0j6oMlad9C1ckHS+3c=,mVbdtgAAcxs3Ms5rEy4jKsTN4JE=
24,-48,WXOSlu8QP0j6oMlad9C1ckHS+3c=,zhgQfyZMiOoO+aYNiOiQ0I5iPrM=
16,-46,WXOSlu8QP0j6oMlad9C1ckHS+3c=,mVbdtgAAcxs3Ms5rEy4jKsTN4JE=
23,-43,WXOSlu8QP0j6oMlad9C1ckHS+3c=,mVbdtgAAcxs3Ms5rEy4jKsTN4JE=
17,-46,WXOSlu8QP0j6oMlad9C1ckHS+3c=,mVbdtgAAcxs3Ms5rEy4jKsTN4JE=
16,-42,WXOSlu8QP0j6oMlad9C1ckHS+3c=,mVbdtgAAcxs3Ms5rEy4jKsTN4JE=
19,-48,WXOSlu8QP0j6oMlad9C1ckHS+3c=,mVbdtgAAcxs3Ms5rEy4jKsTN4JE=
26,-43,WXOSlu8QP0j6oMlad9C1ckHS+3c=,zhgQfyZMiOoO+aYNiOiQ0I5iPrM=
17,-47,WXOSlu8QP0j6oMlad9C1ckHS+3c=,mVbdtgAAcxs3Ms5rEy4jKsTN4JE=
21,-44,WXOSlu8QP0j6oMlad9C1ckHS+3c=,mVbdtgAAcxs3Ms5rEy4jKsTN4JE=
25,-43,WXOSlu8QP0j6oMlad9C1ckHS+3c=,zhgQfyZMiOoO+aYNiOiQ0I5iPrM=
23,-47,WXOSlu8QP0j6oMlad9C1ckHS+3c=,mVbdtgAAcxs3Ms5rEy4jKsTN4JE=
31,-44,WXOSlu8QP0j6oMlad9C1ckHS+3c=,zhgQfyZMiOoO+aYNiOiQ0I5iPrM=
30,-44,WXOSlu8QP0j6oMlad9C1ckHS+3c=,zhgQfyZMiOoO+aYNiOiQ0I5iPrM=
21,-45,WXOSlu8QP0j6oMlad9C1ckHS+3c=,mVbdtgAAcxs3Ms5rEy4jKsTN4JE=
29,-44,WXOSlu8QP0j6oMlad9C1ckHS+3c=,zhgQfyZMiOoO+aYNiOiQ0I5iPrM=
28,-44,WXOSlu8QP0j6oMlad9C1ckHS+3c=,zhgQfyZMiOoO+aYNiOiQ0I5iPrM=
22,-47,WXOSlu8QP0j6oMlad9C1ckHS+3c=,mVbdtgAAcxs3Ms5rEy4jKsTN4JE=
20,-44,WXOSlu8QP0j6oMlad9C1ckHS+3c=,mVbdtgAAcxs3Ms5rEy4jKsTN4JE=
27,-44,WXOSlu8QP0j6oMlad9C1ckHS+3c=,zhgQfyZMiOoO+aYNiOiQ0I5iPrM=
24,-43,WXOSlu8QP0j6oMlad9C1ckHS+3c=,zhgQfyZMiOoO+aYNiOiQ0I5iPrM=
26,-44,WXOSlu8QP0j6oMlad9C1ckHS+3c=,zhgQfyZMiOoO+aYNiOiQ0I5iPrM=
25,-44,WXOSlu8QP0j6oMlad9C1ckHS+3c=,zhgQfyZMiOoO+aYNiOiQ0I5iPrM=
31,-45,WXOSlu8QP0j6oMlad9C1ckHS+3c=,zhgQfyZMiOoO+aYNiOiQ0I5iPrM=
30,-45,WXOSlu8QP0j6oMlad9C1ckHS+3c=,zhgQfyZMiOoO+aYNiOiQ0I5iPrM=
29,-45,WXOSlu8QP0j6oMlad9C1ckHS+3c=,zhgQfyZMiOoO+aYNiOiQ0I5iPrM=
21,-47,WXOSlu8QP0j6oMlad9C1ckHS+3c=,mVbdtgAAcxs3Ms5rEy4jKsTN4JE=
28,-45,WXOSlu8QP0j6oMlad9C1ckHS+3c=,zhgQfyZMiOoO+aYNiOiQ0I5iPrM=
31,-41,WXOSlu8QP0j6oMlad9C1ckHS+3c=,zhgQfyZMiOoO+aYNiOiQ0I5iPrM=
30,-41,WXOSlu8QP0j6oMlad9C1ckHS+3c=,zhgQfyZMiOoO+aYNiOiQ0I5iPrM=
27,-45,WXOSlu8QP0j6oMlad9C1ckHS+3c=,zhgQfyZMiOoO+aYNiOiQ0I5iPrM=
29,-41,WXOSlu8QP0j6oMlad9C1ckHS+3c=,zhgQfyZMiOoO+aYNiOiQ0I5iPrM=
26,-45,WXOSlu8QP0j6oMlad9C1ckHS+3c=,zhgQfyZMiOoO+aYNiOiQ0I5iPrM=
25,-45,WXOSlu8QP0j6oMlad9C1ckHS+3c=,zhgQfyZMiOoO+aYNiOiQ0I5iPrM=
28,-41,WXOSlu8QP0j6oMlad9C1ckHS+3c=,zhgQfyZMiOoO+aYNiOiQ0I5iPrM=
27,-41,WXOSlu8QP0j6oMlad9C1ckHS+3c=,zhgQfyZMiOoO+aYNiOiQ0I5iPrM=
20,-47,WXOSlu8QP0j6oMlad9C1ckHS+3c=,mVbdtgAAcxs3Ms5rEy4jKsTN4JE=
19,-47,WXOSlu8QP0j6oMlad9C1ckHS+3c=,mVbdtgAAcxs3Ms5rEy4jKsTN4JE=
26,-41,WXOSlu8QP0j6oMlad9C1ckHS+3c=,zhgQfyZMiOoO+aYNiOiQ0I5iPrM=
19,-43,WXOSlu8QP0j6oMlad9C1ckHS+3c=,mVbdtgAAcxs3Ms5rEy4jKsTN4JE=
25,-41,WXOSlu8QP0j6oMlad9C1ckHS+3c=,zhgQfyZMiOoO+aYNiOiQ0I5iPrM=
31,-46,WXOSlu8QP0j6oMlad9C1ckHS+3c=,zhgQfyZMiOoO+aYNiOiQ0I5iPrM=
18,-47,WXOSlu8QP0j6oMlad9C1ckHS+3c=,mVbdtgAAcxs3Ms5rEy4jKsTN4JE=
30,-46,WXOSlu8QP0j6oMlad9C1ckHS+3c=,zhgQfyZMiOoO+aYNiOiQ0I5iPrM=
29,-46,WXOSlu8QP0j6oMlad9C1ckHS+3c=,zhgQfyZMiOoO+aYNiOiQ0I5iPrM=
30,-42,WXOSlu8QP0j6oMlad9C1ckHS+3c=,zhgQfyZMiOoO+aYNiOiQ0I5iPrM=
31,-42,WXOSlu8QP0j6oMlad9C1ckHS+3c=,zhgQfyZMiOoO+aYNiOiQ0I5iPrM=
18,-48,WXOSlu8QP0j6oMlad9C1ckHS+3c=,mVbdtgAAcxs3Ms5rEy4jKsTN4JE=
28,-46,WXOSlu8QP0j6oMlad9C1ckHS+3c=,zhgQfyZMiOoO+aYNiOiQ0I5iPrM=
27,-46,WXOSlu8QP0j6oMlad9C1ckHS+3c=,zhgQfyZMiOoO+aYNiOiQ0I5iPrM=
18,-43,WXOSlu8QP0j6oMlad9C1ckHS+3c=,mVbdtgAAcxs3Ms5rEy4jKsTN4JE=
29,-42,WXOSlu8QP0j6oMlad9C1ckHS+3c=,zhgQfyZMiOoO+aYNiOiQ0I5iPrM=
16,-47,WXOSlu8QP0j6oMlad9C1ckHS+3c=,mVbdtgAAcxs3Ms5rEy4jKsTN4JE=
28,-42,WXOSlu8QP0j6oMlad9C1ckHS+3c=,zhgQfyZMiOoO+aYNiOiQ0I5iPrM=
24,-44,WXOSlu8QP0j6oMlad9C1ckHS+3c=,zhgQfyZMiOoO+aYNiOiQ0I5iPrM=
27,-42,WXOSlu8QP0j6oMlad9C1ckHS+3c=,zhgQfyZMiOoO+aYNiOiQ0I5iPrM=
26,-46,WXOSlu8QP0j6oMlad9C1ckHS+3c=,zhgQfyZMiOoO+aYNiOiQ0I5iPrM=
25,-46,WXOSlu8QP0j6oMlad9C1ckHS+3c=,zhgQfyZMiOoO+aYNiOiQ0I5iPrM=
26,-42,WXOSlu8QP0j6oMlad9C1ckHS+3c=,zhgQfyZMiOoO+aYNiOiQ0I5iPrM=
23,-48,WXOSlu8QP0j6oMlad9C1ckHS+3c=,mVbdtgAAcxs3Ms5rEy4jKsTN4JE=
20,-45,WXOSlu8QP0j6oMlad9C1ckHS+3c=,mVbdtgAAcxs3Ms5rEy4jKsTN4JE=
17,-43,WXOSlu8QP0j6oMlad9C1ckHS+3c=,mVbdtgAAcxs3Ms5rEy4jKsTN4JE=
20,-37,WXOSlu8QP0j6oMlad9C1ckHS+3c=,cYChvqCvYhkA3ExHdG+FNb7BSiM=
31,-47,WXOSlu8QP0j6oMlad9C1ckHS+3c=,zhgQfyZMiOoO+aYNiOiQ0I5iPrM=
30,-47,WXOSlu8QP0j6oMlad9C1ckHS+3c=,zhgQfyZMiOoO+aYNiOiQ0I5iPrM=
21,-37,WXOSlu8QP0j6oMlad9C1ckHS+3c=,cYChvqCvYhkA3ExHdG+FNb7BSiM=
22,-37,WXOSlu8QP0j6oMlad9C1ckHS+3c=,cYChvqCvYhkA3ExHdG+FNb7BSiM=
19,-45,WXOSlu8QP0j6oMlad9C1ckHS+3c=,mVbdtgAAcxs3Ms5rEy4jKsTN4JE=
29,-47,WXOSlu8QP0j6oMlad9C1ckHS+3c=,zhgQfyZMiOoO+aYNiOiQ0I5iPrM=
28,-47,WXOSlu8QP0j6oMlad9C1ckHS+3c=,zhgQfyZMiOoO+aYNiOiQ0I5iPrM=
27,-47,WXOSlu8QP0j6oMlad9C1ckHS+3c=,zhgQfyZMiOoO+aYNiOiQ0I5iPrM=
19,-37,WXOSlu8QP0j6oMlad9C1ckHS+3c=,cYChvqCvYhkA3ExHdG+FNb7BSiM=
24,-45,WXOSlu8QP0j6oMlad9C1ckHS+3c=,zhgQfyZMiOoO+aYNiOiQ0I5iPrM=
31,-43,WXOSlu8QP0j6oMlad9C1ckHS+3c=,zhgQfyZMiOoO+aYNiOiQ0I5iPrM=
18,-37,WXOSlu8QP0j6oMlad9C1ckHS+3c=,cYChvqCvYhkA3ExHdG+FNb7BSiM=
26,-47,WXOSlu8QP0j6oMlad9C1ckHS+3c=,zhgQfyZMiOoO+aYNiOiQ0I5iPrM=
25,-47,WXOSlu8QP0j6oMlad9C1ckHS+3c=,zhgQfyZMiOoO+aYNiOiQ0I5iPrM=
30,-43,WXOSlu8QP0j6oMlad9C1ckHS+3c=,zhgQfyZMiOoO+aYNiOiQ0I5iPrM=
23,-33,WXOSlu8QP0j6oMlad9C1ckHS+3c=,cYChvqCvYhkA3ExHdG+FNb7BSiM=
18,-45,WXOSlu8QP0j6oMlad9C1ckHS+3c=,mVbdtgAAcxs3Ms5rEy4jKsTN4JE=
19,-44,WXOSlu8QP0j6oMlad9C1ckHS+3c=,mVbdtgAAcxs3Ms5rEy4jKsTN4JE=
31,-48,WXOSlu8QP0j6oMlad9C1ckHS+3c=,zhgQfyZMiOoO+aYNiOiQ0I5iPrM=
30,-48,WXOSlu8QP0j6oMlad9C1ckHS+3c=,zhgQfyZMiOoO+aYNiOiQ0I5iPrM=
29,-48,WXOSlu8QP0j6oMlad9C1ckHS+3c=,zhgQfyZMiOoO+aYNiOiQ0I5iPrM=
16,-43,WXOSlu8QP0j6oMlad9C1ckHS+3c=,mVbdtgAAcxs3Ms5rEy4jKsTN4JE=
23,-46,WXOSlu8QP0j6oMlad9C1ckHS+3c=,mVbdtgAAcxs3Ms5rEy4jKsTN4JE=
29,-43,WXOSlu8QP0j6oMlad9C1ckHS+3c=,zhgQfyZMiOoO+aYNiOiQ0I5iPrM=
28,-43,WXOSlu8QP0j6oMlad9C1ckHS+3c=,zhgQfyZMiOoO+aYNiOiQ0I5iPrM=
25,-42,WXOSlu8QP0j6oMlad9C1ckHS+3c=,zhgQfyZMiOoO+aYNiOiQ0I5iPrM=
28,-48,WXOSlu8QP0j6oMlad9C1ckHS+3c=,zhgQfyZMiOoO+aYNiOiQ0I5iPrM=
22,-46,WXOSlu8QP0j6oMlad9C1ckHS+3c=,mVbdtgAAcxs3Ms5rEy4jKsTN4JE=
27,-48,WXOSlu8QP0j6oMlad9C1ckHS+3c=,zhgQfyZMiOoO+aYNiOiQ0I5iPrM=
22,-33,WXOSlu8QP0j6oMlad9C1ckHS+3c=,cYChvqCvYhkA3ExHdG+FNb7BSiM=
26,-48,WXOSlu8QP0j6oMlad9C1ckHS+3c=,zhgQfyZMiOoO+aYNiOiQ0I5iPrM=
21,-46,WXOSlu8QP0j6oMlad9C1ckHS+3c=,mVbdtgAAcxs3Ms5rEy4jKsTN4JE=
18,-44,WXOSlu8QP0j6oMlad9C1ckHS+3c=,mVbdtgAAcxs3Ms5rEy4jKsTN4JE=
17,-45,WXOSlu8QP0j6oMlad9C1ckHS+3c=,mVbdtgAAcxs3Ms5rEy4jKsTN4JE=
23,-44,WXOSlu8QP0j6oMlad9C1ckHS+3c=,mVbdtgAAcxs3Ms5rEy4jKsTN4JE=
20,-46,WXOSlu8QP0j6oMlad9C1ckHS+3c=,mVbdtgAAcxs3Ms5rEy4jKsTN4JE=
16,-41,WXOSlu8QP0j6oMlad9C1ckHS+3c=,mVbdtgAAcxs3Ms5rEy4jKsTN4JE=
23,-37,WXOSlu8QP0j6oMlad9C1ckHS+3c=,cYChvqCvYhkA3ExHdG+FNb7BSiM=
21,-33,WXOSlu8QP0j6oMlad9C1ckHS+3c=,cYChvqCvYhkA3ExHdG+FNb7BSiM=
24,-46,WXOSlu8QP0j6oMlad9C1ckHS+3c=,zhgQfyZMiOoO+aYNiOiQ0I5iPrM=
17,-44,WXOSlu8QP0j6oMlad9C1ckHS+3c=,mVbdtgAAcxs3Ms5rEy4jKsTN4JE=
17,-37,WXOSlu8QP0j6oMlad9C1ckHS+3c=,cYChvqCvYhkA3ExHdG+FNb7BSiM=
16,-44,WXOSlu8QP0j6oMlad9C1ckHS+3c=,mVbdtgAAcxs3Ms5rEy4jKsTN4JE=
19,-46,WXOSlu8QP0j6oMlad9C1ckHS+3c=,mVbdtgAAcxs3Ms5rEy4jKsTN4JE=
17,-48,WXOSlu8QP0j6oMlad9C1ckHS+3c=,mVbdtgAAcxs3Ms5rEy4jKsTN4JE=
24,-47,WXOSlu8QP0j6oMlad9C1ckHS+3c=,zhgQfyZMiOoO+aYNiOiQ0I5iPrM=
22,-48,WXOSlu8QP0j6oMlad9C1ckHS+3c=,mVbdtgAAcxs3Ms5rEy4jKsTN4JE=
21,-48,WXOSlu8QP0j6oMlad9C1ckHS+3c=,mVbdtgAAcxs3Ms5rEy4jKsTN4JE=
16,-45,WXOSlu8QP0j6oMlad9C1ckHS+3c=,mVbdtgAAcxs3Ms5rEy4jKsTN4JE=
24,-42,WXOSlu8QP0j6oMlad9C1ckHS+3c=,zhgQfyZMiOoO+aYNiOiQ0I5iPrM=
23,-45,WXOSlu8QP0j6oMlad9C1ckHS+3c=,mVbdtgAAcxs3Ms5rEy4jKsTN4JE=
23,-38,WXOSlu8QP0j6oMlad9C1ckHS+3c=,cYChvqCvYhkA3ExHdG+FNb7BSiM=
22,-38,WXOSlu8QP0j6oMlad9C1ckHS+3c=,cYChvqCvYhkA3ExHdG+FNb7BSiM=
20,-48,WXOSlu8QP0j6oMlad9C1ckHS+3c=,mVbdtgAAcxs3Ms5rEy4jKsTN4JE=
22,-44,WXOSlu8QP0j6oMlad9C1ckHS+3c=,mVbdtgAAcxs3Ms5rEy4jKsTN4JE=
21,-38,WXOSlu8QP0j6oMlad9C1ckHS+3c=,cYChvqCvYhkA3ExHdG+FNb7BSiM=
16,-36,WXOSlu8QP0j6oMlad9C1ckHS+3c=,cYChvqCvYhkA3ExHdG+FNb7BSiM=
16,-37,WXOSlu8QP0j6oMlad9C1ckHS+3c=,cYChvqCvYhkA3ExHdG+FNb7BSiM=
20,-38,WXOSlu8QP0j6oMlad9C1ckHS+3c=,cYChvqCvYhkA3ExHdG+FNb7BSiM=
18,-46,WXOSlu8QP0j6oMlad9C1ckHS+3c=,mVbdtgAAcxs3Ms5rEy4jKsTN4JE=
19,-38,WXOSlu8QP0j6oMlad9C1ckHS+3c=,cYChvqCvYhkA3ExHdG+FNb7BSiM=
20,-33,WXOSlu8QP0j6oMlad9C1ckHS+3c=,cYChvqCvYhkA3ExHdG+FNb7BSiM=
22,-42,WXOSlu8QP0j6oMlad9C1ckHS+3c=,mVbdtgAAcxs3Ms5rEy4jKsTN4JE=
23,-42,WXOSlu8QP0j6oMlad9C1ckHS+3c=,mVbdtgAAcxs3Ms5rEy4jKsTN4JE=
17,-41,WXOSlu8QP0j6oMlad9C1ckHS+3c=,mVbdtgAAcxs3Ms5rEy4jKsTN4JE=
21,-42,WXOSlu8QP0j6oMlad9C1ckHS+3c=,mVbdtgAAcxs3Ms5rEy4jKsTN4JE=
20,-42,WXOSlu8QP0j6oMlad9C1ckHS+3c=,mVbdtgAAcxs3Ms5rEy4jKsTN4JE=
17,-36,WXOSlu8QP0j6oMlad9C1ckHS+3c=,cYChvqCvYhkA3ExHdG+FNb7BSiM=
19,-42,WXOSlu8QP0j6oMlad9C1ckHS+3c=,mVbdtgAAcxs3Ms5rEy4jKsTN4JE=
18,-38,WXOSlu8QP0j6oMlad9C1ckHS+3c=,cYChvqCvYhkA3ExHdG+FNb7BSiM=
18,-41,WXOSlu8QP0j6oMlad9C1ckHS+3c=,mVbdtgAAcxs3Ms5rEy4jKsTN4JE=
18,-42,WXOSlu8QP0j6oMlad9C1ckHS+3c=,mVbdtgAAcxs3Ms5rEy4jKsTN4JE=
18,-33,WXOSlu8QP0j6oMlad9C1ckHS+3c=,cYChvqCvYhkA3ExHdG+FNb7BSiM=
19,-33,WXOSlu8QP0j6oMlad9C1ckHS+3c=,cYChvqCvYhkA3ExHdG+FNb7BSiM=
19,-41,WXOSlu8QP0j6oMlad9C1ckHS+3c=,mVbdtgAAcxs3Ms5rEy4jKsTN4JE=
18,-36,WXOSlu8QP0j6oMlad9C1ckHS+3c=,cYChvqCvYhkA3ExHdG+FNb7BSiM=
20,-41,WXOSlu8QP0j6oMlad9C1ckHS+3c=,mVbdtgAAcxs3Ms5rEy4jKsTN4JE=
17,-33,WXOSlu8QP0j6oMlad9C1ckHS+3c=,cYChvqCvYhkA3ExHdG+FNb7BSiM=
17,-38,WXOSlu8QP0j6oMlad9C1ckHS+3c=,cYChvqCvYhkA3ExHdG+FNb7BSiM=
21,-41,WXOSlu8QP0j6oMlad9C1ckHS+3c=,mVbdtgAAcxs3Ms5rEy4jKsTN4JE=
16,-38,WXOSlu8QP0j6oMlad9C1ckHS+3c=,cYChvqCvYhkA3ExHdG+FNb7BSiM=
23,-34,WXOSlu8QP0j6oMlad9C1ckHS+3c=,cYChvqCvYhkA3ExHdG+FNb7BSiM=
22,-34,WXOSlu8QP0j6oMlad9C1ckHS+3c=,cYChvqCvYhkA3ExHdG+FNb7BSiM=
21,-34,WXOSlu8QP0j6oMlad9C1ckHS+3c=,cYChvqCvYhkA3ExHdG+FNb7BSiM=
20,-34,WXOSlu8QP0j6oMlad9C1ckHS+3c=,cYChvqCvYhkA3ExHdG+FNb7BSiM=
23,-39,WXOSlu8QP0j6oMlad9C1ckHS+3c=,cYChvqCvYhkA3ExHdG+FNb7BSiM=
22,-39,WXOSlu8QP0j6oMlad9C1ckHS+3c=,cYChvqCvYhkA3ExHdG+FNb7BSiM=
19,-34,WXOSlu8QP0j6oMlad9C1ckHS+3c=,cYChvqCvYhkA3ExHdG+FNb7BSiM=
21,-39,WXOSlu8QP0j6oMlad9C1ckHS+3c=,cYChvqCvYhkA3ExHdG+FNb7BSiM=
18,-34,WXOSlu8QP0j6oMlad9C1ckHS+3c=,cYChvqCvYhkA3ExHdG+FNb7BSiM=
22,-41,WXOSlu8QP0j6oMlad9C1ckHS+3c=,mVbdtgAAcxs3Ms5rEy4jKsTN4JE=
16,-33,WXOSlu8QP0j6oMlad9C1ckHS+3c=,cYChvqCvYhkA3ExHdG+FNb7BSiM=
23,-41,WXOSlu8QP0j6oMlad9C1ckHS+3c=,mVbdtgAAcxs3Ms5rEy4jKsTN4JE=
17,-34,WXOSlu8QP0j6oMlad9C1ckHS+3c=,cYChvqCvYhkA3ExHdG+FNb7BSiM=
23,-35,WXOSlu8QP0j6oMlad9C1ckHS+3c=,cYChvqCvYhkA3ExHdG+FNb7BSiM=
22,-35,WXOSlu8QP0j6oMlad9C1ckHS+3c=,cYChvqCvYhkA3ExHdG+FNb7BSiM=
20,-39,WXOSlu8QP0j6oMlad9C1ckHS+3c=,cYChvqCvYhkA3ExHdG+FNb7BSiM=
21,-35,WXOSlu8QP0j6oMlad9C1ckHS+3c=,cYChvqCvYhkA3ExHdG+FNb7BSiM=
20,-35,WXOSlu8QP0j6oMlad9C1ckHS+3c=,cYChvqCvYhkA3ExHdG+FNb7BSiM=
19,-35,WXOSlu8QP0j6oMlad9C1ckHS+3c=,cYChvqCvYhkA3ExHdG+FNb7BSiM=
19,-39,WXOSlu8QP0j6oMlad9C1ckHS+3c=,cYChvqCvYhkA3ExHdG+FNb7BSiM=
18,-39,WXOSlu8QP0j6oMlad9C1ckHS+3c=,cYChvqCvYhkA3ExHdG+FNb7BSiM=
16,-34,WXOSlu8QP0j6oMlad9C1ckHS+3c=,cYChvqCvYhkA3ExHdG+FNb7BSiM=
18,-35,WXOSlu8QP0j6oMlad9C1ckHS+3c=,cYChvqCvYhkA3ExHdG+FNb7BSiM=
24,-41,WXOSlu8QP0j6oMlad9C1ckHS+3c=,zhgQfyZMiOoO+aYNiOiQ0I5iPrM=
17,-42,WXOSlu8QP0j6oMlad9C1ckHS+3c=,mVbdtgAAcxs3Ms5rEy4jKsTN4JE=
17,-39,WXOSlu8QP0j6oMlad9C1ckHS+3c=,cYChvqCvYhkA3ExHdG+FNb7BSiM=
23,-40,WXOSlu8QP0j6oMlad9C1ckHS+3c=,cYChvqCvYhkA3ExHdG+FNb7BSiM=
16,-39,WXOSlu8QP0j6oMlad9C1ckHS+3c=,cYChvqCvYhkA3ExHdG+FNb7BSiM=
22,-40,WXOSlu8QP0j6oMlad9C1ckHS+3c=,cYChvqCvYhkA3ExHdG+FNb7BSiM=
21,-40,WXOSlu8QP0j6oMlad9C1ckHS+3c=,cYChvqCvYhkA3ExHdG+FNb7BSiM=
23,-36,WXOSlu8QP0j6oMlad9C1ckHS+3c=,cYChvqCvYhkA3ExHdG+FNb7BSiM=
20,-40,WXOSlu8QP0j6oMlad9C1ckHS+3c=,cYChvqCvYhkA3ExHdG+FNb7BSiM=
19,-40,WXOSlu8QP0j6oMlad9C1ckHS+3c=,cYChvqCvYhkA3ExHdG+FNb7BSiM=
22,-36,WXOSlu8QP0j6oMlad9C1ckHS+3c=,cYChvqCvYhkA3ExHdG+FNb7BSiM=
18,-40,WXOSlu8QP0j6oMlad9C1ckHS+3c=,cYChvqCvYhkA3ExHdG+FNb7BSiM=
21,-36,WXOSlu8QP0j6oMlad9C1ckHS+3c=,cYChvqCvYhkA3ExHdG+FNb7BSiM=
20,-36,WXOSlu8QP0j6oMlad9C1ckHS+3c=,cYChvqCvYhkA3ExHdG+FNb7BSiM=
19,-36,WXOSlu8QP0j6oMlad9C1ckHS+3c=,cYChvqCvYhkA3ExHdG+FNb7BSiM=
17,-35,WXOSlu8QP0j6oMlad9C1ckHS+3c=,cYChvqCvYhkA3ExHdG+FNb7BSiM=
16,-35,WXOSlu8QP0j6oMlad9C1ckHS+3c=,cYChvqCvYhkA3ExHdG+FNb7BSiM=
16,-40,WXOSlu8QP0j6oMlad9C1ckHS+3c=,cYChvqCvYhkA3ExHdG+FNb7BSiM=
17,-40,WXOSlu8QP0j6oMlad9C1ckHS+3c=,cYChvqCvYhkA3ExHdG+FNb7BSiM=
4,-43,+ggd0jElA64gtH8DOWyGwLaMaVs=,u+LAg+ljfv5X+goZw2zp1NYKXXU=
3,-43,+ggd0jElA64gtH8DOWyGwLaMaVs=,u+LAg+ljfv5X+goZw2zp1NYKXXU=
2,-43,+ggd0jElA64gtH8DOWyGwLaMaVs=,u+LAg+ljfv5X+goZw2zp1NYKXXU=
1,-43,+ggd0jElA64gtH8DOWyGwLaMaVs=,u+LAg+ljfv5X+goZw2zp1NYKXXU=
6,-44,+ggd0jElA64gtH8DOWyGwLaMaVs=,u+LAg+ljfv5X+goZw2zp1NYKXXU=
5,-44,+ggd0jElA64gtH8DOWyGwLaMaVs=,u+LAg+ljfv5X+goZw2zp1NYKXXU=
4,-44,+ggd0jElA64gtH8DOWyGwLaMaVs=,u+LAg+ljfv5X+goZw2zp1NYKXXU=
3,-44,+ggd0jElA64gtH8DOWyGwLaMaVs=,u+LAg+ljfv5X+goZw2zp1NYKXXU=
2,-44,+ggd0jElA64gtH8DOWyGwLaMaVs=,u+LAg+ljfv5X+goZw2zp1NYKXXU=
1,-44,+ggd0jElA64gtH8DOWyGwLaMaVs=,u+LAg+ljfv5X+goZw2zp1NYKXXU=
6,-45,+ggd0jElA64gtH8DOWyGwLaMaVs=,u+LAg+ljfv5X+goZw2zp1NYKXXU=
5,-45,+ggd0jElA64gtH8DOWyGwLaMaVs=,u+LAg+ljfv5X+goZw2zp1NYKXXU=
4,-45,+ggd0jElA64gtH8DOWyGwLaMaVs=,u+LAg+ljfv5X+goZw2zp1NYKXXU=
3,-45,+ggd0jElA64gtH8DOWyGwLaMaVs=,u+LAg+ljfv5X+goZw2zp1NYKXXU=
2,-45,+ggd0jElA64gtH8DOWyGwLaMaVs=,u+LAg+ljfv5X+goZw2zp1NYKXXU=
1,-45,+ggd0jElA64gtH8DOWyGwLaMaVs=,u+LAg+ljfv5X+goZw2zp1NYKXXU=
6,-46,+ggd0jElA64gtH8DOWyGwLaMaVs=,u+LAg+ljfv5X+goZw2zp1NYKXXU=
5,-46,+ggd0jElA64gtH8DOWyGwLaMaVs=,u+LAg+ljfv5X+goZw2zp1NYKXXU=
4,-46,+ggd0jElA64gtH8DOWyGwLaMaVs=,u+LAg+ljfv5X+goZw2zp1NYKXXU=
3,-46,+ggd0jElA64gtH8DOWyGwLaMaVs=,u+LAg+ljfv5X+goZw2zp1NYKXXU=
2,-46,+ggd0jElA64gtH8DOWyGwLaMaVs=,u+LAg+ljfv5X+goZw2zp1NYKXXU=
1,-46,+ggd0jElA64gtH8DOWyGwLaMaVs=,u+LAg+ljfv5X+goZw2zp1NYKXXU=
6,-47,+ggd0jElA64gtH8DOWyGwLaMaVs=,u+LAg+ljfv5X+goZw2zp1NYKXXU=
12,-45,+ggd0jElA64gtH8DOWyGwLaMaVs=,6thV4do9BG70hscfddYZgglIPJ4=
13,-45,+ggd0jElA64gtH8DOWyGwLaMaVs=,6thV4do9BG70hscfddYZgglIPJ4=
14,-45,+ggd0jElA64gtH8DOWyGwLaMaVs=,6thV4do9BG70hscfddYZgglIPJ4=
8,-44,+ggd0jElA64gtH8DOWyGwLaMaVs=,6thV4do9BG70hscfddYZgglIPJ4=
9,-44,+ggd0jElA64gtH8DOWyGwLaMaVs=,6thV4do9BG70hscfddYZgglIPJ4=
7,-43,+ggd0jElA64gtH8DOWyGwLaMaVs=,u+LAg+ljfv5X+goZw2zp1NYKXXU=
10,-44,+ggd0jElA64gtH8DOWyGwLaMaVs=,6thV4do9BG70hscfddYZgglIPJ4=
11,-44,+ggd0jElA64gtH8DOWyGwLaMaVs=,6thV4do9BG70hscfddYZgglIPJ4=
12,-44,+ggd0jElA64gtH8DOWyGwLaMaVs=,6thV4do9BG70hscfddYZgglIPJ4=
13,-44,+ggd0jElA64gtH8DOWyGwLaMaVs=,6thV4do9BG70hscfddYZgglIPJ4=
14,-44,+ggd0jElA64gtH8DOWyGwLaMaVs=,6thV4do9BG70hscfddYZgglIPJ4=
8,-43,+ggd0jElA64gtH8DOWyGwLaMaVs=,6thV4do9BG70hscfddYZgglIPJ4=
9,-43,+ggd0jElA64gtH8DOWyGwLaMaVs=,6thV4do9BG70hscfddYZgglIPJ4=
10,-43,+ggd0jElA64gtH8DOWyGwLaMaVs=,6thV4do9BG70hscfddYZgglIPJ4=
7,-42,+ggd0jElA64gtH8DOWyGwLaMaVs=,u+LAg+ljfv5X+goZw2zp1NYKXXU=
11,-43,+ggd0jElA64gtH8DOWyGwLaMaVs=,6thV4do9BG70hscfddYZgglIPJ4=
12,-43,+ggd0jElA64gtH8DOWyGwLaMaVs=,6thV4do9BG70hscfddYZgglIPJ4=
13,-43,+ggd0jElA64gtH8DOWyGwLaMaVs=,6thV4do9BG70hscfddYZgglIPJ4=
14,-43,+ggd0jElA64gtH8DOWyGwLaMaVs=,6thV4do9BG70hscfddYZgglIPJ4=
8,-42,+ggd0jElA64gtH8DOWyGwLaMaVs=,6thV4do9BG70hscfddYZgglIPJ4=
7,-47,+ggd0jElA64gtH8DOWyGwLaMaVs=,u+LAg+ljfv5X+goZw2zp1NYKXXU=
9,-42,+ggd0jElA64gtH8DOWyGwLaMaVs=,6thV4do9BG70hscfddYZgglIPJ4=
10,-42,+ggd0jElA64gtH8DOWyGwLaMaVs=,6thV4do9BG70hscfddYZgglIPJ4=
11,-42,+ggd0jElA64gtH8DOWyGwLaMaVs=,6thV4do9BG70hscfddYZgglIPJ4=
12,-42,+ggd0jElA64gtH8DOWyGwLaMaVs=,6thV4do9BG70hscfddYZgglIPJ4=
13,-42,+ggd0jElA64gtH8DOWyGwLaMaVs=,6thV4do9BG70hscfddYZgglIPJ4=
7,-46,+ggd0jElA64gtH8DOWyGwLaMaVs=,u+LAg+ljfv5X+goZw2zp1NYKXXU=
8,-47,+ggd0jElA64gtH8DOWyGwLaMaVs=,6thV4do9BG70hscfddYZgglIPJ4=
14,-42,+ggd0jElA64gtH8DOWyGwLaMaVs=,6thV4do9BG70hscfddYZgglIPJ4=
9,-47,+ggd0jElA64gtH8DOWyGwLaMaVs=,6thV4do9BG70hscfddYZgglIPJ4=
10,-47,+ggd0jElA64gtH8DOWyGwLaMaVs=,6thV4do9BG70hscfddYZgglIPJ4=
11,-47,+ggd0jElA64gtH8DOWyGwLaMaVs=,6thV4do9BG70hscfddYZgglIPJ4=
12,-47,+ggd0jElA64gtH8DOWyGwLaMaVs=,6thV4do9BG70hscfddYZgglIPJ4=
13,-47,+ggd0jElA64gtH8DOWyGwLaMaVs=,6thV4do9BG70hscfddYZgglIPJ4=
14,-47,+ggd0jElA64gtH8DOWyGwLaMaVs=,6thV4do9BG70hscfddYZgglIPJ4=
8,-46,+ggd0jElA64gtH8DOWyGwLaMaVs=,6thV4do9BG70hscfddYZgglIPJ4=
7,-45,+ggd0jElA64gtH8DOWyGwLaMaVs=,u+LAg+ljfv5X+goZw2zp1NYKXXU=
9,-46,+ggd0jElA64gtH8DOWyGwLaMaVs=,6thV4do9BG70hscfddYZgglIPJ4=
10,-46,+ggd0jElA64gtH8DOWyGwLaMaVs=,6thV4do9BG70hscfddYZgglIPJ4=
11,-46,+ggd0jElA64gtH8DOWyGwLaMaVs=,6thV4do9BG70hscfddYZgglIPJ4=
12,-46,+ggd0jElA64gtH8DOWyGwLaMaVs=,6thV4do9BG70hscfddYZgglIPJ4=
13,-46,+ggd0jElA64gtH8DOWyGwLaMaVs=,6thV4do9BG70hscfddYZgglIPJ4=
14,-46,+ggd0jElA64gtH8DOWyGwLaMaVs=,6thV4do9BG70hscfddYZgglIPJ4=
7,-44,+ggd0jElA64gtH8DOWyGwLaMaVs=,u+LAg+ljfv5X+goZw2zp1NYKXXU=
8,-45,+ggd0jElA64gtH8DOWyGwLaMaVs=,6thV4do9BG70hscfddYZgglIPJ4=
9,-45,+ggd0jElA64gtH8DOWyGwLaMaVs=,6thV4do9BG70hscfddYZgglIPJ4=
10,-45,+ggd0jElA64gtH8DOWyGwLaMaVs=,6thV4do9BG70hscfddYZgglIPJ4=
11,-45,+ggd0jElA64gtH8DOWyGwLaMaVs=,6thV4do9BG70hscfddYZgglIPJ4=
5,-47,+ggd0jElA64gtH8DOWyGwLaMaVs=,u+LAg+ljfv5X+goZw2zp1NYKXXU=
4,-47,+ggd0jElA64gtH8DOWyGwLaMaVs=,u+LAg+ljfv5X+goZw2zp1NYKXXU=
3,-47,+ggd0jElA64gtH8DOWyGwLaMaVs=,u+LAg+ljfv5X+goZw2zp1NYKXXU=
2,-47,+ggd0jElA64gtH8DOWyGwLaMaVs=,u+LAg+ljfv5X+goZw2zp1NYKXXU=
1,-47,+ggd0jElA64gtH8DOWyGwLaMaVs=,u+LAg+ljfv5X+goZw2zp1NYKXXU=
6,-42,+ggd0jElA64gtH8DOWyGwLaMaVs=,u+LAg+ljfv5X+goZw2zp1NYKXXU=
4,-42,+ggd0jElA64gtH8DOWyGwLaMaVs=,u+LAg+ljfv5X+goZw2zp1NYKXXU=
5,-42,+ggd0jElA64gtH8DOWyGwLaMaVs=,u+LAg+ljfv5X+goZw2zp1NYKXXU=
2,-42,+ggd0jElA64gtH8DOWyGwLaMaVs=,u+LAg+ljfv5X+goZw2zp1NYKXXU=
3,-42,+ggd0jElA64gtH8DOWyGwLaMaVs=,u+LAg+ljfv5X+goZw2zp1NYKXXU=
6,-43,+ggd0jElA64gtH8DOWyGwLaMaVs=,u+LAg+ljfv5X+goZw2zp1NYKXXU=
5,-43,+ggd0jElA64gtH8DOWyGwLaMaVs=,u+LAg+ljfv5X+goZw2zp1NYKXXU=
1,-42,+ggd0jElA64gtH8DOWyGwLaMaVs=,u+LAg+ljfv5X+goZw2zp1NYKXXU=
0,-42,+ggd0jElA64gtH8DOWyGwLaMaVs=,u+LAg+ljfv5X+goZw2zp1NYKXXU=
0,-47,+ggd0jElA64gtH8DOWyGwLaMaVs=,u+LAg+ljfv5X+goZw2zp1NYKXXU=
0,-46,+ggd0jElA64gtH8DOWyGwLaMaVs=,u+LAg+ljfv5X+goZw2zp1NYKXXU=
0,-45,+ggd0jElA64gtH8DOWyGwLaMaVs=,u+LAg+ljfv5X+goZw2zp1NYKXXU=
0,-44,+ggd0jElA64gtH8DOWyGwLaMaVs=,u+LAg+ljfv5X+goZw2zp1NYKXXU=
0,-43,+ggd0jElA64gtH8DOWyGwLaMaVs=,u+LAg+ljfv5X+goZw2zp1NYKXXU=
15,-45,+ggd0jElA64gtH8DOWyGwLaMaVs=,6thV4do9BG70hscfddYZgglIPJ4=
15,-44,+ggd0jElA64gtH8DOWyGwLaMaVs=,6thV4do9BG70hscfddYZgglIPJ4=
15,-43,+ggd0jElA64gtH8DOWyGwLaMaVs=,6thV4do9BG70hscfddYZgglIPJ4=
15,-42,+ggd0jElA64gtH8DOWyGwLaMaVs=,6thV4do9BG70hscfddYZgglIPJ4=
15,-47,+ggd0jElA64gtH8DOWyGwLaMaVs=,6thV4do9BG70hscfddYZgglIPJ4=
15,-46,+ggd0jElA64gtH8DOWyGwLaMaVs=,6thV4do9BG70hscfddYZgglIPJ4=
9,-48,+ggd0jElA64gtH8DOWyGwLaMaVs=,6thV4do9BG70hscfddYZgglIPJ4=
10,-48,+ggd0jElA64gtH8DOWyGwLaMaVs=,6thV4do9BG70hscfddYZgglIPJ4=
11,-48,+ggd0jElA64gtH8DOWyGwLaMaVs=,6thV4do9BG70hscfddYZgglIPJ4=
12,-48,+ggd0jElA64gtH8DOWyGwLaMaVs=,6thV4do9BG70hscfddYZgglIPJ4=
13,-48,+ggd0jElA64gtH8DOWyGwLaMaVs=,6thV4do9BG70hscfddYZgglIPJ4=
14,-48,+ggd0jElA64gtH8DOWyGwLaMaVs=,6thV4do9BG70hscfddYZgglIPJ4=
1,-48,+ggd0jElA64gtH8DOWyGwLaMaVs=,u+LAg+ljfv5X+goZw2zp1NYKXXU=
2,-48,vYZWNlZedLlNHm7haEef9jepocg=,u+LAg+ljfv5X+goZw2zp1NYKXXU=
3,-48,vYZWNlZedLlNHm7haEef9jepocg=,u+LAg+ljfv5X+goZw2zp1NYKXXU=
4,-48,vYZWNlZedLlNHm7haEef9jepocg=,u+LAg+ljfv5X+goZw2zp1NYKXXU=
5,-48,vYZWNlZedLlNHm7haEef9jepocg=,u+LAg+ljfv5X+goZw2zp1NYKXXU=
6,-48,vYZWNlZedLlNHm7haEef9jepocg=,u+LAg+ljfv5X+goZw2zp1NYKXXU=
7,-48,vYZWNlZedLlNHm7haEef9jepocg=,u+LAg+ljfv5X+goZw2zp1NYKXXU=
8,-48,vYZWNlZedLlNHm7haEef9jepocg=,6thV4do9BG70hscfddYZgglIPJ4=
0,-48,vYZWNlZedLlNHm7haEef9jepocg=,u+LAg+ljfv5X+goZw2zp1NYKXXU=
15,-48,vYZWNlZedLlNHm7haEef9jepocg=,6thV4do9BG70hscfddYZgglIPJ4=
13,-35,vYZWNlZedLlNHm7haEef9jepocg=,qYZ9D3wgfiWX8k8Ks2vBdX03lm4=
12,-35,vYZWNlZedLlNHm7haEef9jepocg=,qYZ9D3wgfiWX8k8Ks2vBdX03lm4=
14,-35,vYZWNlZedLlNHm7haEef9jepocg=,qYZ9D3wgfiWX8k8Ks2vBdX03lm4=
14,-36,vYZWNlZedLlNHm7haEef9jepocg=,qYZ9D3wgfiWX8k8Ks2vBdX03lm4=
11,-40,vYZWNlZedLlNHm7haEef9jepocg=,qYZ9D3wgfiWX8k8Ks2vBdX03lm4=
15,-39,vYZWNlZedLlNHm7haEef9jepocg=,qYZ9D3wgfiWX8k8Ks2vBdX03lm4=
14,-39,vYZWNlZedLlNHm7haEef9jepocg=,qYZ9D3wgfiWX8k8Ks2vBdX03lm4=
9,-37,vYZWNlZedLlNHm7haEef9jepocg=,qYZ9D3wgfiWX8k8Ks2vBdX03lm4=
15,-36,vYZWNlZedLlNHm7haEef9jepocg=,qYZ9D3wgfiWX8k8Ks2vBdX03lm4=
12,-40,vYZWNlZedLlNHm7haEef9jepocg=,qYZ9D3wgfiWX8k8Ks2vBdX03lm4=
15,-35,vYZWNlZedLlNHm7haEef9jepocg=,qYZ9D3wgfiWX8k8Ks2vBdX03lm4=
9,-34,vYZWNlZedLlNHm7haEef9jepocg=,qYZ9D3wgfiWX8k8Ks2vBdX03lm4=
13,-39,vYZWNlZedLlNHm7haEef9jepocg=,qYZ9D3wgfiWX8k8Ks2vBdX03lm4=
15,-37,vYZWNlZedLlNHm7haEef9jepocg=,qYZ9D3wgfiWX8k8Ks2vBdX03lm4=
15,-38,vYZWNlZedLlNHm7haEef9jepocg=,qYZ9D3wgfiWX8k8Ks2vBdX03lm4=
15,-41,vYZWNlZedLlNHm7haEef9jepocg=,6thV4do9BG70hscfddYZgglIPJ4=
14,-41,vYZWNlZedLlNHm7haEef9jepocg=,6thV4do9BG70hscfddYZgglIPJ4=
13,-36,vYZWNlZedLlNHm7haEef9jepocg=,qYZ9D3wgfiWX8k8Ks2vBdX03lm4=
13,-41,vYZWNlZedLlNHm7haEef9jepocg=,6thV4do9BG70hscfddYZgglIPJ4=
12,-41,vYZWNlZedLlNHm7haEef9jepocg=,6thV4do9BG70hscfddYZgglIPJ4=
11,-41,vYZWNlZedLlNHm7haEef9jepocg=,6thV4do9BG70hscfddYZgglIPJ4=
14,-37,vYZWNlZedLlNHm7haEef9jepocg=,qYZ9D3wgfiWX8k8Ks2vBdX03lm4=
10,-41,vYZWNlZedLlNHm7haEef9jepocg=,6thV4do9BG70hscfddYZgglIPJ4=
12,-39,vYZWNlZedLlNHm7haEef9jepocg=,qYZ9D3wgfiWX8k8Ks2vBdX03lm4=
9,-41,vYZWNlZedLlNHm7haEef9jepocg=,6thV4do9BG70hscfddYZgglIPJ4=
11,-39,vYZWNlZedLlNHm7haEef9jepocg=,qYZ9D3wgfiWX8k8Ks2vBdX03lm4=
10,-39,vYZWNlZedLlNHm7haEef9jepocg=,qYZ9D3wgfiWX8k8Ks2vBdX03lm4=
14,-38,vYZWNlZedLlNHm7haEef9jepocg=,qYZ9D3wgfiWX8k8Ks2vBdX03lm4=
10,-40,vYZWNlZedLlNHm7haEef9jepocg=,qYZ9D3wgfiWX8k8Ks2vBdX03lm4=
9,-38,vYZWNlZedLlNHm7haEef9jepocg=,qYZ9D3wgfiWX8k8Ks2vBdX03lm4=
10,-34,vYZWNlZedLlNHm7haEef9jepocg=,qYZ9D3wgfiWX8k8Ks2vBdX03lm4=
13,-40,vYZWNlZedLlNHm7haEef9jepocg=,qYZ9D3wgfiWX8k8Ks2vBdX03lm4=
10,-37,vYZWNlZedLlNHm7haEef9jepocg=,qYZ9D3wgfiWX8k8Ks2vBdX03lm4=
11,-37,vYZWNlZedLlNHm7haEef9jepocg=,qYZ9D3wgfiWX8k8Ks2vBdX03lm4=
12,-37,vYZWNlZedLlNHm7haEef9jepocg=,qYZ9D3wgfiWX8k8Ks2vBdX03lm4=
14,-40,vYZWNlZedLlNHm7haEef9jepocg=,qYZ9D3wgfiWX8k8Ks2vBdX03lm4=
15,-40,vYZWNlZedLlNHm7haEef9jepocg=,qYZ9D3wgfiWX8k8Ks2vBdX03lm4=
12,-36,vYZWNlZedLlNHm7haEef9jepocg=,qYZ9D3wgfiWX8k8Ks2vBdX03lm4=
13,-38,vYZWNlZedLlNHm7haEef9jepocg=,qYZ9D3wgfiWX8k8Ks2vBdX03lm4=
9,-39,vYZWNlZedLlNHm7haEef9jepocg=,qYZ9D3wgfiWX8k8Ks2vBdX03lm4=
11,-35,vYZWNlZedLlNHm7haEef9jepocg=,qYZ9D3wgfiWX8k8Ks2vBdX03lm4=
11,-36,vYZWNlZedLlNHm7haEef9jepocg=,qYZ9D3wgfiWX8k8Ks2vBdX03lm4=
12,-38,vYZWNlZedLlNHm7haEef9jepocg=,qYZ9D3wgfiWX8k8Ks2vBdX03lm4=
10,-35,vYZWNlZedLlNHm7haEef9jepocg=,qYZ9D3wgfiWX8k8Ks2vBdX03lm4=
15,-33,vYZWNlZedLlNHm7haEef9jepocg=,qYZ9D3wgfiWX8k8Ks2vBdX03lm4=
10,-36,vYZWNlZedLlNHm7haEef9jepocg=,qYZ9D3wgfiWX8k8Ks2vBdX03lm4=
11,-38,vYZWNlZedLlNHm7haEef9jepocg=,qYZ9D3wgfiWX8k8Ks2vBdX03lm4=
9,-40,vYZWNlZedLlNHm7haEef9jepocg=,qYZ9D3wgfiWX8k8Ks2vBdX03lm4=
11,-34,vYZWNlZedLlNHm7haEef9jepocg=,qYZ9D3wgfiWX8k8Ks2vBdX03lm4=
12,-34,vYZWNlZedLlNHm7haEef9jepocg=,qYZ9D3wgfiWX8k8Ks2vBdX03lm4=
13,-34,vYZWNlZedLlNHm7haEef9jepocg=,qYZ9D3wgfiWX8k8Ks2vBdX03lm4=
14,-34,vYZWNlZedLlNHm7haEef9jepocg=,qYZ9D3wgfiWX8k8Ks2vBdX03lm4=
14,-33,vYZWNlZedLlNHm7haEef9jepocg=,qYZ9D3wgfiWX8k8Ks2vBdX03lm4=
13,-33,vYZWNlZedLlNHm7haEef9jepocg=,qYZ9D3wgfiWX8k8Ks2vBdX03lm4=
12,-33,vYZWNlZedLlNHm7haEef9jepocg=,qYZ9D3wgfiWX8k8Ks2vBdX03lm4=
11,-33,vYZWNlZedLlNHm7haEef9jepocg=,qYZ9D3wgfiWX8k8Ks2vBdX03lm4=
13,-37,vYZWNlZedLlNHm7haEef9jepocg=,qYZ9D3wgfiWX8k8Ks2vBdX03lm4=
9,-35,vYZWNlZedLlNHm7haEef9jepocg=,qYZ9D3wgfiWX8k8Ks2vBdX03lm4=
15,-34,vYZWNlZedLlNHm7haEef9jepocg=,qYZ9D3wgfiWX8k8Ks2vBdX03lm4=
10,-38,vYZWNlZedLlNHm7haEef9jepocg=,qYZ9D3wgfiWX8k8Ks2vBdX03lm4=
10,-33,vYZWNlZedLlNHm7haEef9jepocg=,qYZ9D3wgfiWX8k8Ks2vBdX03lm4=
9,-36,vYZWNlZedLlNHm7haEef9jepocg=,qYZ9D3wgfiWX8k8Ks2vBdX03lm4=
9,-33,vYZWNlZedLlNHm7haEef9jepocg=,qYZ9D3wgfiWX8k8Ks2vBdX03lm4=
6,-33,vYZWNlZedLlNHm7haEef9jepocg=,JKpED7NuZW3A2VYbzfpDGRtMPCc=
7,-33,vYZWNlZedLlNHm7haEef9jepocg=,JKpED7NuZW3A2VYbzfpDGRtMPCc=
3,-37,vYZWNlZedLlNHm7haEef9jepocg=,JKpED7NuZW3A2VYbzfpDGRtMPCc=
5,-33,vYZWNlZedLlNHm7haEef9jepocg=,JKpED7NuZW3A2VYbzfpDGRtMPCc=
4,-33,vYZWNlZedLlNHm7haEef9jepocg=,JKpED7NuZW3A2VYbzfpDGRtMPCc=
8,-38,vYZWNlZedLlNHm7haEef9jepocg=,qYZ9D3wgfiWX8k8Ks2vBdX03lm4=
3,-33,vYZWNlZedLlNHm7haEef9jepocg=,JKpED7NuZW3A2VYbzfpDGRtMPCc=
2,-37,vYZWNlZedLlNHm7haEef9jepocg=,JKpED7NuZW3A2VYbzfpDGRtMPCc=
1,-33,vYZWNlZedLlNHm7haEef9jepocg=,JKpED7NuZW3A2VYbzfpDGRtMPCc=
8,-37,vYZWNlZedLlNHm7haEef9jepocg=,qYZ9D3wgfiWX8k8Ks2vBdX03lm4=
4,-37,vYZWNlZedLlNHm7haEef9jepocg=,JKpED7NuZW3A2VYbzfpDGRtMPCc=
2,-33,vYZWNlZedLlNHm7haEef9jepocg=,JKpED7NuZW3A2VYbzfpDGRtMPCc=
1,-37,vYZWNlZedLlNHm7haEef9jepocg=,JKpED7NuZW3A2VYbzfpDGRtMPCc=
0,-33,vYZWNlZedLlNHm7haEef9jepocg=,JKpED7NuZW3A2VYbzfpDGRtMPCc=
7,-34,vYZWNlZedLlNHm7haEef9jepocg=,JKpED7NuZW3A2VYbzfpDGRtMPCc=
6,-34,vYZWNlZedLlNHm7haEef9jepocg=,JKpED7NuZW3A2VYbzfpDGRtMPCc=
7,-38,vYZWNlZedLlNHm7haEef9jepocg=,JKpED7NuZW3A2VYbzfpDGRtMPCc=
6,-38,vYZWNlZedLlNHm7haEef9jepocg=,JKpED7NuZW3A2VYbzfpDGRtMPCc=
6,-37,vYZWNlZedLlNHm7haEef9jepocg=,JKpED7NuZW3A2VYbzfpDGRtMPCc=
5,-37,vYZWNlZedLlNHm7haEef9jepocg=,JKpED7NuZW3A2VYbzfpDGRtMPCc=
0,-37,vYZWNlZedLlNHm7haEef9jepocg=,JKpED7NuZW3A2VYbzfpDGRtMPCc=
4,-38,vYZWNlZedLlNHm7haEef9jepocg=,JKpED7NuZW3A2VYbzfpDGRtMPCc=
8,-40,vYZWNlZedLlNHm7haEef9jepocg=,qYZ9D3wgfiWX8k8Ks2vBdX03lm4=
5,-38,vYZWNlZedLlNHm7haEef9jepocg=,JKpED7NuZW3A2VYbzfpDGRtMPCc=
3,-38,vYZWNlZedLlNHm7haEef9jepocg=,JKpED7NuZW3A2VYbzfpDGRtMPCc=
5,-34,vYZWNlZedLlNHm7haEef9jepocg=,JKpED7NuZW3A2VYbzfpDGRtMPCc=
4,-34,vYZWNlZedLlNHm7haEef9jepocg=,JKpED7NuZW3A2VYbzfpDGRtMPCc=
7,-37,vYZWNlZedLlNHm7haEef9jepocg=,JKpED7NuZW3A2VYbzfpDGRtMPCc=
2,-38,vYZWNlZedLlNHm7haEef9jepocg=,JKpED7NuZW3A2VYbzfpDGRtMPCc=
1,-38,vYZWNlZedLlNHm7haEef9jepocg=,JKpED7NuZW3A2VYbzfpDGRtMPCc=
8,-41,vYZWNlZedLlNHm7haEef9jepocg=,6thV4do9BG70hscfddYZgglIPJ4=
0,-38,vYZWNlZedLlNHm7haEef9jepocg=,JKpED7NuZW3A2VYbzfpDGRtMPCc=
3,-34,vYZWNlZedLlNHm7haEef9jepocg=,JKpED7NuZW3A2VYbzfpDGRtMPCc=
0,-36,vYZWNlZedLlNHm7haEef9jepocg=,JKpED7NuZW3A2VYbzfpDGRtMPCc=
7,-39,vYZWNlZedLlNHm7haEef9jepocg=,JKpED7NuZW3A2VYbzfpDGRtMPCc=
2,-34,vYZWNlZedLlNHm7haEef9jepocg=,JKpED7NuZW3A2VYbzfpDGRtMPCc=
1,-34,vYZWNlZedLlNHm7haEef9jepocg=,JKpED7NuZW3A2VYbzfpDGRtMPCc=
6,-39,vYZWNlZedLlNHm7haEef9jepocg=,JKpED7NuZW3A2VYbzfpDGRtMPCc=
4,-39,vYZWNlZedLlNHm7haEef9jepocg=,JKpED7NuZW3A2VYbzfpDGRtMPCc=
3,-39,vYZWNlZedLlNHm7haEef9jepocg=,JKpED7NuZW3A2VYbzfpDGRtMPCc=
8,-34,vYZWNlZedLlNHm7haEef9jepocg=,qYZ9D3wgfiWX8k8Ks2vBdX03lm4=
5,-39,vYZWNlZedLlNHm7haEef9jepocg=,JKpED7NuZW3A2VYbzfpDGRtMPCc=
2,-39,vYZWNlZedLlNHm7haEef9jepocg=,JKpED7NuZW3A2VYbzfpDGRtMPCc=
1,-39,vYZWNlZedLlNHm7haEef9jepocg=,JKpED7NuZW3A2VYbzfpDGRtMPCc=
0,-39,vYZWNlZedLlNHm7haEef9jepocg=,JKpED7NuZW3A2VYbzfpDGRtMPCc=
7,-35,vYZWNlZedLlNHm7haEef9jepocg=,JKpED7NuZW3A2VYbzfpDGRtMPCc=
6,-35,vYZWNlZedLlNHm7haEef9jepocg=,JKpED7NuZW3A2VYbzfpDGRtMPCc=
0,-34,vYZWNlZedLlNHm7haEef9jepocg=,JKpED7NuZW3A2VYbzfpDGRtMPCc=
7,-40,vYZWNlZedLlNHm7haEef9jepocg=,JKpED7NuZW3A2VYbzfpDGRtMPCc=
1,-36,vYZWNlZedLlNHm7haEef9jepocg=,JKpED7NuZW3A2VYbzfpDGRtMPCc=
6,-40,vYZWNlZedLlNHm7haEef9jepocg=,JKpED7NuZW3A2VYbzfpDGRtMPCc=
5,-35,vYZWNlZedLlNHm7haEef9jepocg=,JKpED7NuZW3A2VYbzfpDGRtMPCc=
4,-35,vYZWNlZedLlNHm7haEef9jepocg=,JKpED7NuZW3A2VYbzfpDGRtMPCc=
4,-40,vYZWNlZedLlNHm7haEef9jepocg=,JKpED7NuZW3A2VYbzfpDGRtMPCc=
3,-40,vYZWNlZedLlNHm7haEef9jepocg=,JKpED7NuZW3A2VYbzfpDGRtMPCc=
2,-40,vYZWNlZedLlNHm7haEef9jepocg=,JKpED7NuZW3A2VYbzfpDGRtMPCc=
2,-36,vYZWNlZedLlNHm7haEef9jepocg=,JKpED7NuZW3A2VYbzfpDGRtMPCc=
5,-40,vYZWNlZedLlNHm7haEef9jepocg=,JKpED7NuZW3A2VYbzfpDGRtMPCc=
1,-40,vYZWNlZedLlNHm7haEef9jepocg=,JKpED7NuZW3A2VYbzfpDGRtMPCc=
0,-40,vYZWNlZedLlNHm7haEef9jepocg=,JKpED7NuZW3A2VYbzfpDGRtMPCc=
3,-35,vYZWNlZedLlNHm7haEef9jepocg=,JKpED7NuZW3A2VYbzfpDGRtMPCc=
7,-41,vYZWNlZedLlNHm7haEef9jepocg=,u+LAg+ljfv5X+goZw2zp1NYKXXU=
1,-35,vYZWNlZedLlNHm7haEef9jepocg=,JKpED7NuZW3A2VYbzfpDGRtMPCc=
3,-36,vYZWNlZedLlNHm7haEef9jepocg=,JKpED7NuZW3A2VYbzfpDGRtMPCc=
2,-35,vYZWNlZedLlNHm7haEef9jepocg=,JKpED7NuZW3A2VYbzfpDGRtMPCc=
6,-41,vYZWNlZedLlNHm7haEef9jepocg=,u+LAg+ljfv5X+goZw2zp1NYKXXU=
0,-35,vYZWNlZedLlNHm7haEef9jepocg=,JKpED7NuZW3A2VYbzfpDGRtMPCc=
8,-33,vYZWNlZedLlNHm7haEef9jepocg=,qYZ9D3wgfiWX8k8Ks2vBdX03lm4=
8,-35,vYZWNlZedLlNHm7haEef9jepocg=,qYZ9D3wgfiWX8k8Ks2vBdX03lm4=
0,-41,vYZWNlZedLlNHm7haEef9jepocg=,u+LAg+ljfv5X+goZw2zp1NYKXXU=
1,-41,vYZWNlZedLlNHm7haEef9jepocg=,u+LAg+ljfv5X+goZw2zp1NYKXXU=
2,-41,vYZWNlZedLlNHm7haEef9jepocg=,u+LAg+ljfv5X+goZw2zp1NYKXXU=
3,-41,vYZWNlZedLlNHm7haEef9jepocg=,u+LAg+ljfv5X+goZw2zp1NYKXXU=
4,-41,vYZWNlZedLlNHm7haEef9jepocg=,u+LAg+ljfv5X+goZw2zp1NYKXXU=
5,-41,vYZWNlZedLlNHm7haEef9jepocg=,u+LAg+ljfv5X+goZw2zp1NYKXXU=
7,-36,vYZWNlZedLlNHm7haEef9jepocg=,JKpED7NuZW3A2VYbzfpDGRtMPCc=
6,-36,vYZWNlZedLlNHm7haEef9jepocg=,JKpED7NuZW3A2VYbzfpDGRtMPCc=
8,-39,vYZWNlZedLlNHm7haEef9jepocg=,qYZ9D3wgfiWX8k8Ks2vBdX03lm4=
5,-36,vYZWNlZedLlNHm7haEef9jepocg=,JKpED7NuZW3A2VYbzfpDGRtMPCc=
4,-36,vYZWNlZedLlNHm7haEef9jepocg=,JKpED7NuZW3A2VYbzfpDGRtMPCc=
8,-36,vYZWNlZedLlNHm7haEef9jepocg=,qYZ9D3wgfiWX8k8Ks2vBdX03lm4=
